DNo,Location,Social Category,Income,dropout,prim_Girls_social_category,prim_Girls_income
10001,ANANTAPUR,General,High,0,85.27885675430298,14.721143245697021
10001,ANANTAPUR,OBC,High,0,86.78786158561707,13.212132453918457
10001,ANANTAPUR,SC,High,0,79.63464111089706,20.365357398986816
10001,ANANTAPUR,ST,High,0,83.42007100582123,16.57993197441101
10001,ANANTAPUR,Overall,High,0,86.2348735332489,13.765120506286621
10002,CHITTOOR,General,High,0,81.92795664072037,18.072044849395752
10002,CHITTOOR,OBC,High,0,87.30406612157822,12.695932388305664
10002,CHITTOOR,SC,High,1,1.193603128194809,98.80639910697937
10002,CHITTOOR,ST,High,0,62.362778186798096,37.637221813201904
10002,CHITTOOR,Overall,High,0,86.78786158561707,13.212132453918457
10003,EASTGODAVARI,General,High,0,87.81744986772537,12.182551622390747
10003,EASTGODAVARI,OBC,High,1,0.4085517954081297,99.59145188331604
10003,EASTGODAVARI,SC,High,0,86.78786158561707,13.212132453918457
10003,EASTGODAVARI,ST,High,1,0.17930858302861452,99.82068538665771
10003,EASTGODAVARI,Overall,High,0,86.78786158561707,13.212132453918457
10004,GUNTUR,General,High,1,13.678160309791565,86.32184267044067
10004,GUNTUR,OBC,High,0,86.78786158561707,13.212132453918457
10004,GUNTUR,SC,High,1,0.15132884727790952,99.84866380691528
10004,GUNTUR,ST,High,1,37.55118250846863,62.44881749153137
10004,GUNTUR,Overall,High,0,82.66942650079727,17.330574989318848
10005,KADAPA,General,High,1,23.050610721111298,76.94939374923706
10005,KADAPA,OBC,High,0,87.81744986772537,12.182551622390747
10005,KADAPA,SC,High,0,86.2348735332489,13.765120506286621
10005,KADAPA,ST,High,1,1.4256125316023827,98.57438206672668
10005,KADAPA,Overall,High,0,51.51636004447937,48.48363995552063
10006,KRISHNA,General,High,0,87.81744986772537,12.182551622390747
10006,KRISHNA,OBC,High,1,6.463097035884857,93.53690147399902
10006,KRISHNA,SC,High,0,87.41642981767654,12.583571672439575
10006,KRISHNA,ST,High,1,4.426909610629082,95.57309150695801
10006,KRISHNA,Overall,High,1,0.2153436653316021,99.78466033935547
10007,KURNOOL,General,High,0,87.30406612157822,12.695932388305664
10007,KURNOOL,OBC,High,0,83.43597799539566,16.56402349472046
10007,KURNOOL,SC,High,1,27.216511964797974,72.78348207473755
10007,KURNOOL,ST,High,0,86.78786158561707,13.212132453918457
10007,KURNOOL,Overall,High,0,81.92795664072037,18.072044849395752
10008,NELLORE,General,High,0,87.81744986772537,12.182551622390747
10008,NELLORE,OBC,High,1,0.12888151686638594,99.87112283706665
10008,NELLORE,SC,High,0,86.2348735332489,13.765120506286621
10008,NELLORE,ST,High,0,86.2348735332489,13.765120506286621
10008,NELLORE,Overall,High,1,31.679314374923706,68.32067966461182
10009,PRAKASAM,General,High,1,22.243328392505646,77.75667905807495
10009,PRAKASAM,OBC,High,1,2.399721182882786,97.60027527809143
10009,PRAKASAM,SC,High,1,0.00920417151064612,99.99079704284668
10009,PRAKASAM,ST,High,0,86.78786158561707,13.212132453918457
10009,PRAKASAM,Overall,High,1,0.23109284229576588,99.76891279220581
10010,SRIKAKULAM,General,High,0,81.92795664072037,18.072044849395752
10010,SRIKAKULAM,OBC,High,1,14.79773223400116,85.2022647857666
10010,SRIKAKULAM,SC,High,0,91.01690426468849,8.983093500137329
10010,SRIKAKULAM,ST,High,0,87.30406612157822,12.695932388305664
10010,SRIKAKULAM,Overall,High,1,5.102228000760078,94.89777088165283
10011,VISAKHAPATNAM,General,High,0,86.78786158561707,13.212132453918457
10011,VISAKHAPATNAM,OBC,High,0,88.6977881193161,11.302214860916138
10011,VISAKHAPATNAM,SC,High,1,0.12070174561813474,99.87930059432983
10011,VISAKHAPATNAM,ST,High,0,87.81744986772537,12.182551622390747
10011,VISAKHAPATNAM,Overall,High,0,87.81744986772537,12.182551622390747
10012,VIZIANAGARAM,General,High,1,8.695680648088455,91.3043200969696
10012,VIZIANAGARAM,OBC,High,0,87.30406612157822,12.695932388305664
10012,VIZIANAGARAM,SC,High,1,16.399472951889038,83.60052704811096
10012,VIZIANAGARAM,ST,High,0,85.04921644926071,14.950788021087646
10012,VIZIANAGARAM,Overall,High,0,87.33655661344528,12.663441896438599
10013,WESTGODAVARI,General,High,1,31.280657649040222,68.7193512916565
10013,WESTGODAVARI,OBC,High,1,16.260436177253723,83.73956084251404
10013,WESTGODAVARI,SC,High,0,83.42006653547287,16.57993197441101
10013,WESTGODAVARI,ST,High,0,80.54614812135696,19.453847408294678
10013,WESTGODAVARI,Overall,High,1,3.1317371875047684,96.86827063560486
10101,ArunachalPradesh,General,High,1,0.23658876307308674,99.76340532302856
10101,ArunachalPradesh,SC,High,0,87.30406612157822,12.695932388305664
10101,ArunachalPradesh,ST,High,1,2.8900673612952232,97.10992574691772
10101,ArunachalPradesh,OBC,High,0,87.30406612157822,12.695932388305664
10201,BAJALI,General,High,0,80.08108735084534,19.918906688690186
10201,BAJALI,OBC,High,1,0.13332716189324856,99.8666763305664
10201,BAJALI,SC,High,0,86.2348735332489,13.765120506286621
10201,BAJALI,ST,High,1,0.2228657016530633,99.77713823318481
10201,BAJALI,Overall,High,0,74.09934997558594,25.900650024414062
10202,BAKSA,General,Low,1,17.680566012859344,82.31943249702454
10202,BAKSA,OBC,Low,1,0.05080885021016002,99.94919300079346
10202,BAKSA,SC,Low,1,36.06366813182831,63.93633484840393
10202,BAKSA,ST,Low,0,87.81744986772537,12.182551622390747
10202,BAKSA,Overall,Low,0,86.78786158561707,13.212132453918457
10203,BARPETA,General,High,1,6.885319692173653e-06,99.99998807907104
10203,BARPETA,OBC,High,1,0.6243152543902397,99.3756890296936
10203,BARPETA,SC,High,0,87.81744986772537,12.182551622390747
10203,BARPETA,ST,High,1,0.17846853006631136,99.82153177261353
10203,BARPETA,Overall,High,0,81.92795664072037,18.072044849395752
10204,BISWANATH,General,High,0,85.04921644926071,14.950788021087646
10204,BISWANATH,OBC,High,0,82.66942650079727,17.330574989318848
10204,BISWANATH,SC,High,1,0.31112367287278175,99.6888816356659
10204,BISWANATH,ST,High,0,86.2348735332489,13.765120506286621
10204,BISWANATH,Overall,High,1,0.1524152117781341,99.84758496284485
10205,BONGAIGAON,General,High,1,0.25841689202934504,99.74157810211182
10205,BONGAIGAON,OBC,High,0,86.78786158561707,13.212132453918457
10205,BONGAIGAON,SC,High,0,87.81744986772537,12.182551622390747
10205,BONGAIGAON,ST,High,0,86.78786158561707,13.212132453918457
10205,BONGAIGAON,Overall,High,1,0.17683678306639194,99.82317090034485
10206,CACHAR,General,Low,0,91.01690649986267,8.983093500137329
10206,CACHAR,OBC,Low,1,38.99142146110535,61.00858449935913
10206,CACHAR,SC,Low,1,45.74941098690033,54.25059199333191
10206,CACHAR,ST,Low,1,1.6011077910661697,98.39889407157898
10206,CACHAR,Overall,Low,0,87.30406612157822,12.695932388305664
10207,CHARAIDEO,General,Low,0,81.37417733669281,18.62581968307495
10207,CHARAIDEO,OBC,Low,0,81.92795664072037,18.072044849395752
10207,CHARAIDEO,SC,Low,0,50.22169053554535,49.77830648422241
10207,CHARAIDEO,ST,Low,1,0.20917430520057678,99.79082345962524
10207,CHARAIDEO,Overall,Low,1,0.5181071814149618,99.48189854621887
10208,CHIRANG,General,High,0,81.92795664072037,18.072044849395752
10208,CHIRANG,OBC,High,1,0.0055118602176662534,99.99449253082275
10208,CHIRANG,SC,High,0,86.2348735332489,13.765120506286621
10208,CHIRANG,ST,High,0,81.92795664072037,18.072044849395752
10208,CHIRANG,Overall,High,1,0.3522861050441861,99.64771866798401
10209,DARRANG,General,High,0,87.30406612157822,12.695932388305664
10209,DARRANG,OBC,High,0,87.81744986772537,12.182551622390747
10209,DARRANG,SC,High,0,85.04921644926071,14.950788021087646
10209,DARRANG,ST,High,0,81.92795664072037,18.072044849395752
10209,DARRANG,Overall,High,0,83.42007100582123,16.57993197441101
10210,DHEMAJI,General,High,1,0.2686214167624712,99.73137974739075
10210,DHEMAJI,OBC,High,0,86.78786158561707,13.212132453918457
10210,DHEMAJI,SC,High,0,91.01690426468849,8.983093500137329
10210,DHEMAJI,ST,High,1,39.91600573062897,60.083991289138794
10210,DHEMAJI,Overall,High,0,86.2348735332489,13.765120506286621
10211,DHUBRI,General,High,1,0.09677851339802146,99.90322589874268
10211,DHUBRI,OBC,High,0,87.30406612157822,12.695932388305664
10211,DHUBRI,SC,High,0,81.92795664072037,18.072044849395752
10211,DHUBRI,ST,High,0,87.30406612157822,12.695932388305664
10211,DHUBRI,Overall,High,1,0.18750143935903907,99.81250166893005
10212,DIBRUGARH,General,High,1,3.646378219127655,96.35362029075623
10212,DIBRUGARH,OBC,High,0,87.81744986772537,12.182551622390747
10212,DIBRUGARH,SC,High,0,87.30406612157822,12.695932388305664
10212,DIBRUGARH,ST,High,0,53.15810441970825,46.84189558029175
10212,DIBRUGARH,Overall,High,0,86.78786158561707,13.212132453918457
10213,DIMAHASAO,General,High,1,7.404664158821106,92.59533882141113
10213,DIMAHASAO,OBC,High,1,39.87424969673157,60.12575030326843
10213,DIMAHASAO,SC,High,0,86.78786158561707,13.212132453918457
10213,DIMAHASAO,ST,High,1,16.646860539913177,83.3531379699707
10213,DIMAHASAO,Overall,High,1,0.018868139886762947,99.98113512992859
10214,GOALPARA,General,High,1,0.15452654333785176,99.84546899795532
10214,GOALPARA,OBC,High,1,0.28113359585404396,99.71886277198792
10214,GOALPARA,SC,High,0,86.2348735332489,13.765120506286621
10214,GOALPARA,ST,High,1,0.1424314919859171,99.85756874084473
10214,GOALPARA,Overall,High,0,81.92795664072037,18.072044849395752
10215,GOLAGHAT,General,High,1,0.6592057645320892,99.34079647064209
10215,GOLAGHAT,OBC,High,0,85.04921644926071,14.950788021087646
10215,GOLAGHAT,SC,High,1,0.15592367853969336,99.84408020973206
10215,GOLAGHAT,ST,High,1,4.354390874505043,95.64561247825623
10215,GOLAGHAT,Overall,High,0,86.2348735332489,13.765120506286621
10216,HAILAKANDI,General,High,0,87.30406612157822,12.695932388305664
10216,HAILAKANDI,OBC,High,0,86.78786158561707,13.212132453918457
10216,HAILAKANDI,SC,High,0,91.01690426468849,8.983093500137329
10216,HAILAKANDI,ST,High,1,0.14941556146368384,99.85058307647705
10216,HAILAKANDI,Overall,High,0,86.2348735332489,13.765120506286621
10217,HOJAI,General,High,0,86.2348735332489,13.765120506286621
10217,HOJAI,OBC,High,0,87.81744986772537,12.182551622390747
10217,HOJAI,SC,High,1,0.013172029866836965,99.98682737350464
10217,HOJAI,ST,High,0,86.2348735332489,13.765120506286621
10217,HOJAI,Overall,High,1,0.43251155875623226,99.56749081611633
10218,JORHAT,General,High,0,87.30406612157822,12.695932388305664
10218,JORHAT,OBC,High,0,79.78464514017105,20.21535634994507
10218,JORHAT,SC,High,0,83.42007100582123,16.57993197441101
10218,JORHAT,ST,High,0,55.91999888420105,44.08000111579895
10218,JORHAT,Overall,High,1,40.98921716213226,59.0107798576355
10219,KAMRUP-METRO,General,High,0,87.81745284795761,12.18254566192627
10219,KAMRUP-METRO,OBC,High,1,0.1554844551719725,99.8445212841034
10219,KAMRUP-METRO,SC,High,1,23.229442536830902,76.77055597305298
10219,KAMRUP-METRO,ST,High,1,6.39929473400116,93.60070824623108
10219,KAMRUP-METRO,Overall,High,0,82.66942650079727,17.330574989318848
10220,KAMRUP-RURAL,General,High,0,84.5208689570427,15.479135513305664
10220,KAMRUP-RURAL,OBC,High,0,60.37238538265228,39.62761163711548
10220,KAMRUP-RURAL,SC,High,1,0.3129366086795926,99.68706965446472
10220,KAMRUP-RURAL,ST,High,0,83.42007100582123,16.57993197441101
10220,KAMRUP-RURAL,Overall,High,0,87.81744986772537,12.182551622390747
10221,KARBIANGLONG,General,High,0,79.93275225162506,20.067250728607178
10221,KARBIANGLONG,OBC,High,0,91.01690426468849,8.983093500137329
10221,KARBIANGLONG,SC,High,1,0.13527057599276304,99.86472725868225
10221,KARBIANGLONG,ST,High,1,0.35541688557714224,99.64458346366882
10221,KARBIANGLONG,Overall,High,0,81.92795664072037,18.072044849395752
10222,KARIMGANJ,General,High,1,0.19223198760300875,99.80776309967041
10222,KARIMGANJ,OBC,High,0,87.30406612157822,12.695932388305664
10222,KARIMGANJ,SC,High,1,37.24775314331055,62.75225281715393
10222,KARIMGANJ,ST,High,1,7.681574672460556,92.31842756271362
10222,KARIMGANJ,Overall,High,0,87.81744986772537,12.182551622390747
10223,KOKRAJHAR,General,High,0,70.01124024391174,29.988759756088257
10223,KOKRAJHAR,OBC,High,0,81.92795664072037,18.072044849395752
10223,KOKRAJHAR,SC,High,1,0.15464152675122023,99.84536170959473
10223,KOKRAJHAR,ST,High,1,0.16322698211297393,99.83677268028259
10223,KOKRAJHAR,Overall,High,1,4.549309238791466,95.45069336891174
10224,LAKHIMPUR,General,Low,1,0.20273630507290363,99.79726672172546
10224,LAKHIMPUR,OBC,Low,0,86.2348735332489,13.765120506286621
10224,LAKHIMPUR,SC,Low,0,64.67205584049225,35.327935218811035
10224,LAKHIMPUR,ST,Low,1,0.15356710646301508,99.84643459320068
10224,LAKHIMPUR,Overall,Low,0,71.98501229286194,28.01498770713806
10225,MAJULI,General,Low,1,1.2473243288695812,98.75267148017883
10225,MAJULI,OBC,Low,0,87.81745284795761,12.18254566192627
10225,MAJULI,SC,Low,1,1.8414000049233437,98.15859198570251
10225,MAJULI,ST,Low,0,68.03589165210724,31.964105367660522
10225,MAJULI,Overall,Low,1,0.15807594172656536,99.84192848205566
10226,MORIGAON,General,High,1,3.2077856361865997,96.79222106933594
10226,MORIGAON,OBC,High,1,0.37529277615249157,99.62471127510071
10226,MORIGAON,SC,High,1,21.679940819740295,78.32006216049194
10226,MORIGAON,ST,High,1,0.23395237512886524,99.76605176925659
10226,MORIGAON,Overall,High,0,86.78786158561707,13.212132453918457
10227,NAGAON,General,High,0,85.04921644926071,14.950788021087646
10227,NAGAON,OBC,High,1,1.1963644996285439,98.80362749099731
10227,NAGAON,SC,High,0,83.88997465372086,16.110026836395264
10227,NAGAON,ST,High,1,0.2135267946869135,99.78647828102112
10227,NAGAON,Overall,High,1,2.1851100027561188,97.81489372253418
10228,NALBARI,General,High,1,2.997864356757418e-06,100.0
10228,NALBARI,OBC,High,1,1.580939069390297,98.41906428337097
10228,NALBARI,SC,High,1,0.17669565277174115,99.82329607009888
10228,NALBARI,ST,High,0,87.81744986772537,12.182551622390747
10228,NALBARI,Overall,High,1,0.0736088608391583,99.92639422416687
10229,SIBSAGAR,General,High,1,0.4390583373606205,99.56094622612
10229,SIBSAGAR,OBC,High,1,0.1384905306622386,99.8615026473999
10229,SIBSAGAR,SC,High,0,86.78786158561707,13.212132453918457
10229,SIBSAGAR,ST,High,0,86.2348735332489,13.765120506286621
10229,SIBSAGAR,Overall,High,0,86.78786158561707,13.212132453918457
10230,SONITPUR,General,High,1,11.257079243659973,88.74291777610779
10230,SONITPUR,OBC,High,0,86.2348735332489,13.765120506286621
10230,SONITPUR,SC,High,0,86.78786158561707,13.212132453918457
10230,SONITPUR,ST,High,0,83.42007100582123,16.57993197441101
10230,SONITPUR,Overall,High,1,0.34515252336859703,99.65484738349915
10231,SOUTHSALMARA-MANKACHAR,General,High,0,86.2348735332489,13.765120506286621
10231,SOUTHSALMARA-MANKACHAR,OBC,High,0,87.30406612157822,12.695932388305664
10231,SOUTHSALMARA-MANKACHAR,SC,High,1,0.21176543086767197,99.78823065757751
10231,SOUTHSALMARA-MANKACHAR,ST,High,0,82.4937105178833,17.5062894821167
10231,SOUTHSALMARA-MANKACHAR,Overall,High,1,0.2624941524118185,99.73750114440918
10232,TAMULPUR,General,High,0,87.30406612157822,12.695932388305664
10232,TAMULPUR,OBC,High,1,3.6104943603277206,96.38950228691101
10232,TAMULPUR,SC,High,0,87.30406612157822,12.695932388305664
10232,TAMULPUR,ST,High,1,0.13527057599276304,99.86472725868225
10232,TAMULPUR,Overall,High,0,86.2348735332489,13.765120506286621
10233,TINSUKIA,General,Low,1,0.07081004441715777,99.92918968200684
10233,TINSUKIA,OBC,Low,0,81.92795664072037,18.072044849395752
10233,TINSUKIA,SC,Low,1,7.273081337189069e-05,99.99992847442627
10233,TINSUKIA,ST,Low,0,61.05268597602844,38.94730806350708
10233,TINSUKIA,Overall,Low,0,81.92795664072037,18.072044849395752
10234,UDALGURI,General,High,0,87.30406612157822,12.695932388305664
10234,UDALGURI,OBC,High,0,86.2348735332489,13.765120506286621
10234,UDALGURI,SC,High,0,83.42007100582123,16.57993197441101
10234,UDALGURI,ST,High,0,87.81744986772537,12.182551622390747
10234,UDALGURI,Overall,High,0,81.92795664072037,18.072044849395752
10235,WESTKARBIANGLONG,General,High,1,0.02046225854428485,99.97953772544861
10235,WESTKARBIANGLONG,OBC,High,0,87.30406612157822,12.695932388305664
10235,WESTKARBIANGLONG,SC,High,0,81.92795664072037,18.072044849395752
10235,WESTKARBIANGLONG,ST,High,0,50.82174241542816,49.1782546043396
10235,WESTKARBIANGLONG,Overall,High,1,0.06216033943928778,99.93783235549927
10301,ARARIA,General,High,0,83.42007100582123,16.57993197441101
10301,ARARIA,OBC,High,0,81.92795664072037,18.072044849395752
10301,ARARIA,SC,High,1,24.283325672149658,75.71667432785034
10301,ARARIA,ST,High,1,0.09415994863957167,99.90584254264832
10301,ARARIA,Overall,High,0,53.128036856651306,46.871960163116455
10302,ARWAL,General,Low,0,70.18534541130066,29.81466054916382
10302,ARWAL,OBC,Low,1,0.12549995444715023,99.87449645996094
10302,ARWAL,SC,Low,1,0.1674023224040866,99.83260035514832
10302,ARWAL,ST,Low,0,87.33655661344528,12.663441896438599
10302,ARWAL,Overall,Low,1,0.19585804548114538,99.80413913726807
10303,AURANGABAD(BIHAR),General,Low,1,7.219356298446655,92.78064370155334
10303,AURANGABAD(BIHAR),OBC,Low,0,81.80246204137802,18.19753646850586
10303,AURANGABAD(BIHAR),SC,Low,0,86.78786158561707,13.212132453918457
10303,AURANGABAD(BIHAR),ST,Low,1,4.928805306553841,95.07119655609131
10303,AURANGABAD(BIHAR),Overall,Low,0,69.58516836166382,30.414825677871704
10304,BANKA,General,High,1,10.164442658424377,89.83555436134338
10304,BANKA,OBC,High,0,86.78786158561707,13.212132453918457
10304,BANKA,SC,High,0,81.92795664072037,18.072044849395752
10304,BANKA,ST,High,1,8.330125211841732e-06,99.99998807907104
10304,BANKA,Overall,High,0,86.78786158561707,13.212132453918457
10305,BEGUSARAI,General,High,1,0.25067650713026524,99.74932670593262
10305,BEGUSARAI,OBC,High,1,0.35857551265507936,99.64141845703125
10305,BEGUSARAI,SC,High,1,0.034731600317172706,99.9652624130249
10305,BEGUSARAI,ST,High,0,86.78786158561707,13.212132453918457
10305,BEGUSARAI,Overall,High,1,0.35848747938871384,99.64151382446289
10306,BHAGALPUR,General,Low,0,87.81744986772537,12.182551622390747
10306,BHAGALPUR,OBC,Low,1,0.17972454661503434,99.82026815414429
10306,BHAGALPUR,SC,Low,0,77.93697416782379,22.063028812408447
10306,BHAGALPUR,ST,Low,0,87.30406612157822,12.695932388305664
10306,BHAGALPUR,Overall,Low,1,17.81948208808899,82.18051195144653
10307,BHOJPUR,General,Low,1,29.665839672088623,70.33416628837585
10307,BHOJPUR,OBC,Low,1,18.78241002559662,81.21759295463562
10307,BHOJPUR,SC,Low,0,86.78786158561707,13.212132453918457
10307,BHOJPUR,ST,Low,0,87.30406612157822,12.695932388305664
10307,BHOJPUR,Overall,Low,0,86.2348735332489,13.765120506286621
10308,BUXAR,General,High,1,31.13880157470703,68.86119842529297
10308,BUXAR,OBC,High,1,11.918152123689651,88.08184862136841
10308,BUXAR,SC,High,0,87.30406612157822,12.695932388305664
10308,BUXAR,ST,High,0,87.81744986772537,12.182551622390747
10308,BUXAR,Overall,High,0,65.159210562706,34.84078049659729
10309,DARBHANGA,General,High,1,0.13426264049485326,99.86573457717896
10309,DARBHANGA,OBC,High,1,1.388301607221365,98.61169457435608
10309,DARBHANGA,SC,High,1,0.23102150298655033,99.76898431777954
10309,DARBHANGA,ST,High,1,7.223073393106461,92.77693033218384
10309,DARBHANGA,Overall,High,0,83.42007100582123,16.57993197441101
10310,GAYA,General,Low,1,0.9916613809764385,99.00833368301392
10310,GAYA,OBC,Low,0,86.2348735332489,13.765120506286621
10310,GAYA,SC,Low,0,81.92795664072037,18.072044849395752
10310,GAYA,ST,Low,1,17.82744526863098,82.17255473136902
10310,GAYA,Overall,Low,1,47.69454598426819,52.30545401573181
10311,GOPALGANJ,General,Low,1,0.3245960455387831,99.6753990650177
10311,GOPALGANJ,OBC,Low,1,0.26184129528701305,99.73815083503723
10311,GOPALGANJ,SC,Low,0,81.92795664072037,18.072044849395752
10311,GOPALGANJ,ST,Low,0,86.78786158561707,13.212132453918457
10311,GOPALGANJ,Overall,Low,0,87.30406612157822,12.695932388305664
10312,JAMUI,General,High,1,0.17883096588775516,99.82117414474487
10312,JAMUI,OBC,High,0,72.06734716892242,27.932655811309814
10312,JAMUI,SC,High,1,26.52449607849121,73.47549796104431
10312,JAMUI,ST,High,1,10.290644317865372,89.70935940742493
10312,JAMUI,Overall,High,1,0.2561337547376752,99.74386692047119
10313,JEHANABAD,General,High,0,83.42007100582123,16.57993197441101
10313,JEHANABAD,OBC,High,0,91.01690426468849,8.983093500137329
10313,JEHANABAD,SC,High,0,86.2348735332489,13.765120506286621
10313,JEHANABAD,ST,High,1,0.21396921947598457,99.78602528572083
10313,JEHANABAD,Overall,High,0,69.01225447654724,30.98774552345276
10314,KAIMUR(BHABUA),General,High,0,72.62106537818909,27.378928661346436
10314,KAIMUR(BHABUA),OBC,High,1,0.0044035106839146465,99.99560117721558
10314,KAIMUR(BHABUA),SC,High,0,86.78786158561707,13.212132453918457
10314,KAIMUR(BHABUA),ST,High,0,88.6977881193161,11.302214860916138
10314,KAIMUR(BHABUA),Overall,High,1,0.23234088439494371,99.76765513420105
10315,KATIHAR,General,High,1,0.1706381095573306,99.82935786247253
10315,KATIHAR,OBC,High,0,86.2348735332489,13.765120506286621
10315,KATIHAR,SC,High,1,2.243317663669586,97.75667786598206
10315,KATIHAR,ST,High,0,87.81744986772537,12.182551622390747
10315,KATIHAR,Overall,High,0,87.81745284795761,12.18254566192627
10316,KHAGARIA,General,High,0,88.69779258966446,11.30220890045166
10316,KHAGARIA,OBC,High,0,86.2348735332489,13.765120506286621
10316,KHAGARIA,SC,High,0,87.81744986772537,12.182551622390747
10316,KHAGARIA,ST,High,0,87.81744986772537,12.182551622390747
10316,KHAGARIA,Overall,High,1,0.07389079546555877,99.92610812187195
10317,KISHANGANJ,General,High,1,0.46246754936873913,99.53752756118774
10317,KISHANGANJ,OBC,High,1,0.46471720561385155,99.53528642654419
10317,KISHANGANJ,SC,High,0,87.81744986772537,12.182551622390747
10317,KISHANGANJ,ST,High,1,42.13854968547821,57.86144733428955
10317,KISHANGANJ,Overall,High,1,17.817355692386627,82.18264579772949
10318,LAKHISARAI,General,High,1,2.7352388948202133,97.26476073265076
10318,LAKHISARAI,OBC,High,0,86.57449185848236,13.4255051612854
10318,LAKHISARAI,SC,High,0,91.01690426468849,8.983093500137329
10318,LAKHISARAI,ST,High,0,81.92795664072037,18.072044849395752
10318,LAKHISARAI,Overall,High,0,82.63889849185944,17.361098527908325
10319,MADHEPURA,General,High,1,0.2562109613791108,99.7437834739685
10319,MADHEPURA,OBC,High,0,91.01690426468849,8.983093500137329
10319,MADHEPURA,SC,High,1,8.058799058198929,91.94119572639465
10319,MADHEPURA,ST,High,1,30.241894721984863,69.75810527801514
10319,MADHEPURA,Overall,High,1,0.047478932538069785,99.95251893997192
10320,MADHUBANI,General,High,1,0.2940348582342267,99.70596432685852
10320,MADHUBANI,OBC,High,0,87.30406612157822,12.695932388305664
10320,MADHUBANI,SC,High,0,58.18391144275665,41.81608557701111
10320,MADHUBANI,ST,High,0,88.6977881193161,11.302214860916138
10320,MADHUBANI,Overall,High,1,0.15464152675122023,99.84536170959473
10321,MUNGER,General,Low,0,86.2348735332489,13.765120506286621
10321,MUNGER,OBC,Low,0,86.78786158561707,13.212132453918457
10321,MUNGER,SC,Low,1,0.24376497603952885,99.75624084472656
10321,MUNGER,ST,Low,0,86.78786158561707,13.212132453918457
10321,MUNGER,Overall,Low,1,0.2740488387644291,99.72594976425171
10322,MUZAFFARPUR,General,High,0,81.92795664072037,18.072044849395752
10322,MUZAFFARPUR,OBC,High,1,45.77937722206116,54.22062277793884
10322,MUZAFFARPUR,SC,High,1,3.583935648202896,96.41606211662292
10322,MUZAFFARPUR,ST,High,0,50.865161418914795,49.13483262062073
10322,MUZAFFARPUR,Overall,High,1,46.25171422958374,53.74828577041626
10323,NALANDA,General,Low,1,28.518852591514587,71.48115038871765
10323,NALANDA,OBC,Low,0,87.30406612157822,12.695932388305664
10323,NALANDA,SC,Low,1,0.10932496516034007,99.89067316055298
10323,NALANDA,ST,Low,0,87.81744986772537,12.182551622390747
10323,NALANDA,Overall,Low,1,18.091759085655212,81.90824389457703
10324,NAWADA,General,High,0,87.81744986772537,12.182551622390747
10324,NAWADA,OBC,High,0,87.81744986772537,12.182551622390747
10324,NAWADA,SC,High,0,86.78786158561707,13.212132453918457
10324,NAWADA,ST,High,0,86.2348735332489,13.765120506286621
10324,NAWADA,Overall,High,0,62.34549283981323,37.65450716018677
10325,PASHCHIMCHAMPARAN,General,High,1,0.1497883116826415,99.85021352767944
10325,PASHCHIMCHAMPARAN,OBC,High,1,0.025254380307160318,99.97474551200867
10325,PASHCHIMCHAMPARAN,SC,High,1,4.840343073010445,95.15965580940247
10325,PASHCHIMCHAMPARAN,ST,High,1,0.00016216239373534336,99.99983310699463
10325,PASHCHIMCHAMPARAN,Overall,High,0,87.81744986772537,12.182551622390747
10326,PATNA,General,Low,1,8.265415579080582,91.73457622528076
10326,PATNA,OBC,Low,0,81.92795664072037,18.072044849395752
10326,PATNA,SC,Low,0,86.78786158561707,13.212132453918457
10326,PATNA,ST,Low,0,66.16761386394501,33.83238911628723
10326,PATNA,Overall,Low,0,87.30406612157822,12.695932388305664
10327,PURBACHAMPARAN,General,Low,0,81.92795664072037,18.072044849395752
10327,PURBACHAMPARAN,OBC,Low,0,90.51068052649498,9.489315748214722
10327,PURBACHAMPARAN,SC,Low,1,40.98921716213226,59.0107798576355
10327,PURBACHAMPARAN,ST,Low,0,86.78786158561707,13.212132453918457
10327,PURBACHAMPARAN,Overall,Low,0,86.78786158561707,13.212132453918457
10328,PURNIA,General,High,1,0.13944562524557114,99.86055493354797
10328,PURNIA,OBC,High,0,87.30406612157822,12.695932388305664
10328,PURNIA,SC,High,1,1.012603286653757,98.9874005317688
10328,PURNIA,ST,High,0,86.23487204313278,13.765132427215576
10328,PURNIA,Overall,High,1,0.5570342298597097,99.44296479225159
10329,ROHTAS,General,High,1,0.3107229247689247,99.68926906585693
10329,ROHTAS,OBC,High,1,20.726247131824493,79.2737603187561
10329,ROHTAS,SC,High,0,87.33655661344528,12.663441896438599
10329,ROHTAS,ST,High,0,81.92795664072037,18.072044849395752
10329,ROHTAS,Overall,High,0,86.78786158561707,13.212132453918457
10330,SAHARSA,General,High,1,1.1774258688092232,98.82258176803589
10330,SAHARSA,OBC,High,0,62.56074011325836,37.43926286697388
10330,SAHARSA,SC,High,0,86.2348735332489,13.765120506286621
10330,SAHARSA,ST,High,0,86.78786158561707,13.212132453918457
10330,SAHARSA,Overall,High,1,31.064721941947937,68.93527507781982
10331,SAMASTIPUR,General,High,1,0.017953140195459127,99.98205304145813
10331,SAMASTIPUR,OBC,High,0,86.78786158561707,13.212132453918457
10331,SAMASTIPUR,SC,High,1,0.8973794057965279,99.1026222705841
10331,SAMASTIPUR,ST,High,0,86.2348735332489,13.765120506286621
10331,SAMASTIPUR,Overall,High,0,86.78786158561707,13.212132453918457
10332,SARAN,General,Low,1,3.3313553780317307,96.66864275932312
10332,SARAN,OBC,Low,0,86.2348735332489,13.765120506286621
10332,SARAN,SC,Low,0,87.81744986772537,12.182551622390747
10332,SARAN,ST,Low,1,0.0034344229788985103,99.99656677246094
10332,SARAN,Overall,Low,0,71.12681269645691,28.87318730354309
10333,SHEIKHPURA,General,Low,0,75.48312693834305,24.51687455177307
10333,SHEIKHPURA,OBC,Low,1,0.5176814738661051,99.48232173919678
10333,SHEIKHPURA,SC,Low,1,12.981569766998291,87.01843023300171
10333,SHEIKHPURA,ST,Low,0,85.04921644926071,14.950788021087646
10333,SHEIKHPURA,Overall,Low,1,0.40852734819054604,99.59147572517395
10334,SHEOHAR,General,High,0,68.39909255504608,31.600910425186157
10334,SHEOHAR,OBC,High,1,0.3414243459701538,99.65857267379761
10334,SHEOHAR,SC,High,1,37.72169351577759,62.27830648422241
10334,SHEOHAR,ST,High,0,86.2348735332489,13.765120506286621
10334,SHEOHAR,Overall,High,0,86.2348735332489,13.765120506286621
10335,SITAMARHI,General,High,1,0.1401062705554068,99.85989928245544
10335,SITAMARHI,OBC,High,0,87.30406612157822,12.695932388305664
10335,SITAMARHI,SC,High,1,0.19949947018176317,99.80049729347229
10335,SITAMARHI,ST,High,1,0.49029900692403316,99.50969815254211
10335,SITAMARHI,Overall,High,0,85.60902774333954,14.390969276428223
10336,SIWAN,General,High,1,0.35196521785110235,99.6480405330658
10336,SIWAN,OBC,High,1,18.69591921567917,81.30407929420471
10336,SIWAN,SC,High,0,86.2348735332489,13.765120506286621
10336,SIWAN,ST,High,0,75.29004514217377,24.70995783805847
10336,SIWAN,Overall,High,1,0.29563663993030787,99.70436692237854
10337,SUPAUL,General,High,1,0.16033189604058862,99.83966946601868
10337,SUPAUL,OBC,High,1,0.2915680641308427,99.70843195915222
10337,SUPAUL,SC,High,1,0.13373380061239004,99.86627101898193
10337,SUPAUL,ST,High,0,87.81744986772537,12.182551622390747
10337,SUPAUL,Overall,High,1,0.5550906993448734,99.44491386413574
10338,VAISHALI,General,High,1,14.464837312698364,85.53516268730164
10338,VAISHALI,OBC,High,1,0.14726165682077408,99.85274076461792
10338,VAISHALI,SC,High,0,87.81744986772537,12.182551622390747
10338,VAISHALI,ST,High,1,26.686689257621765,73.31330180168152
10338,VAISHALI,Overall,High,0,78.26596051454544,21.73404097557068
10401,CHANDIGARH,General,High,0,85.04921644926071,14.950788021087646
10401,CHANDIGARH,OBC,High,0,86.2348735332489,13.765120506286621
10401,CHANDIGARH,SC,High,0,86.2348735332489,13.765120506286621
10401,CHANDIGARH,ST,High,1,0.18922672607004642,99.81076717376709
10401,CHANDIGARH,Overall,High,0,83.42007100582123,16.57993197441101
10501,BALOD,General,High,1,0.22465845104306936,99.77534413337708
10501,BALOD,OBC,High,0,81.92795664072037,18.072044849395752
10501,BALOD,SC,High,0,83.42007100582123,16.57993197441101
10501,BALOD,ST,High,1,0.06142986239865422,99.93857145309448
10501,BALOD,Overall,High,1,31.064721941947937,68.93527507781982
10502,BALODABAZAR,General,High,0,82.65273869037628,17.347264289855957
10502,BALODABAZAR,OBC,High,1,0.04446831298992038,99.95552897453308
10502,BALODABAZAR,SC,High,0,86.7878720164299,13.21212649345398
10502,BALODABAZAR,ST,High,1,6.0682132840156555,93.93178224563599
10502,BALODABAZAR,Overall,High,0,81.51427954435349,18.485724925994873
10503,BALRAMPUR,General,High,1,4.391464963555336,95.60853838920593
10503,BALRAMPUR,OBC,High,0,81.92795664072037,18.072044849395752
10503,BALRAMPUR,SC,High,0,86.78786158561707,13.212132453918457
10503,BALRAMPUR,ST,High,1,0.35045226104557514,99.64955449104309
10503,BALRAMPUR,Overall,High,0,86.2348735332489,13.765120506286621
10504,BASTER,General,High,1,0.23554549552500248,99.76444840431213
10504,BASTER,OBC,High,1,0.18411129713058472,99.8158872127533
10504,BASTER,SC,High,0,87.81744986772537,12.182551622390747
10504,BASTER,ST,High,0,80.25491684675217,19.74508762359619
10504,BASTER,Overall,High,0,83.13029706478119,16.86970591545105
10505,BEMETARA,General,High,1,0.14964089496061206,99.8503565788269
10505,BEMETARA,OBC,High,0,87.30406612157822,12.695932388305664
10505,BEMETARA,SC,High,0,86.78786158561707,13.212132453918457
10505,BEMETARA,ST,High,0,86.2348735332489,13.765120506286621
10505,BEMETARA,Overall,High,0,80.57498335838318,19.4250226020813
10506,BIJAPUR,General,High,0,75.55699497461319,24.44300651550293
10506,BIJAPUR,General,Low,0,87.30406612157822,12.695932388305664
10506,BIJAPUR,OBC,High,0,81.09241425991058,18.907588720321655
10506,BIJAPUR,OBC,Low,0,81.92795664072037,18.072044849395752
10506,BIJAPUR,SC,High,1,0.09167687385343015,99.90832805633545
10506,BIJAPUR,SC,Low,1,0.18246382242068648,99.81753826141357
10506,BIJAPUR,ST,High,0,86.78786158561707,13.212132453918457
10506,BIJAPUR,ST,Low,1,49.435657262802124,50.56434869766235
10506,BIJAPUR,Overall,High,1,32.430678606033325,67.56932139396667
10506,BIJAPUR,Overall,Low,0,87.30406612157822,12.695932388305664
10507,BILASPUR,General,High,0,87.81744986772537,12.182551622390747
10507,BILASPUR,General,High,0,87.30406612157822,12.695932388305664
10507,BILASPUR,OBC,High,1,1.1159741319715977,98.88402819633484
10507,BILASPUR,OBC,High,1,0.1889083650894463,99.81108903884888
10507,BILASPUR,SC,High,1,0.11974215740337968,99.88025426864624
10507,BILASPUR,SC,High,0,86.23487204313278,13.765132427215576
10507,BILASPUR,ST,High,1,2.615461125969887,97.38454222679138
10507,BILASPUR,ST,High,0,86.2348735332489,13.765120506286621
10507,BILASPUR,Overall,High,1,46.797701716423035,53.202301263809204
10507,BILASPUR,Overall,High,1,0.24078520946204662,99.75922107696533
10508,DANTEWADA,General,High,1,0.16310705104842782,99.83689188957214
10508,DANTEWADA,OBC,High,0,86.78786158561707,13.212132453918457
10508,DANTEWADA,SC,High,1,0.9184489957988262,99.081552028656
10508,DANTEWADA,ST,High,1,0.3861034056171775,99.61389899253845
10508,DANTEWADA,Overall,High,0,86.2348735332489,13.765120506286621
10509,DHAMTARI,General,High,0,82.66942650079727,17.330574989318848
10509,DHAMTARI,OBC,High,0,87.81744986772537,12.182551622390747
10509,DHAMTARI,SC,High,1,0.5184186156839132,99.48157668113708
10509,DHAMTARI,ST,High,1,4.268160834908485,95.73184251785278
10509,DHAMTARI,Overall,High,1,0.18475147662684321,99.81524348258972
10510,DURG,General,Middle,0,86.78786158561707,13.212132453918457
10510,DURG,OBC,Middle,1,0.24943111930042505,99.75057244300842
10510,DURG,SC,Middle,0,88.81414756178856,11.18585467338562
10510,DURG,ST,Middle,1,0.23350114934146404,99.76650476455688
10510,DURG,Overall,Middle,0,79.19435501098633,20.805644989013672
10511,GARIABAND,General,Middle,0,81.92795664072037,18.072044849395752
10511,GARIABAND,OBC,Middle,0,87.30406612157822,12.695932388305664
10511,GARIABAND,SC,Middle,0,86.2348735332489,13.765120506286621
10511,GARIABAND,ST,Middle,1,0.3049642313271761,99.69503283500671
10511,GARIABAND,Overall,Middle,0,86.78786158561707,13.212132453918457
10512,GOURELAPENDRAMARVAHI,General,Middle,0,87.30406612157822,12.695932388305664
10512,GOURELAPENDRAMARVAHI,OBC,Middle,1,1.3757115229964256,98.62428903579712
10512,GOURELAPENDRAMARVAHI,SC,Middle,0,51.74523890018463,48.25475215911865
10512,GOURELAPENDRAMARVAHI,ST,Middle,0,87.81744986772537,12.182551622390747
10512,GOURELAPENDRAMARVAHI,Overall,Middle,1,15.410903096199036,84.5890998840332
10513,JANJGIR-CHAMPA,General,Middle,0,87.30406612157822,12.695932388305664
10513,JANJGIR-CHAMPA,OBC,Middle,0,86.23487204313278,13.765132427215576
10513,JANJGIR-CHAMPA,SC,Middle,0,87.33655959367752,12.663441896438599
10513,JANJGIR-CHAMPA,ST,Middle,0,86.2348735332489,13.765120506286621
10513,JANJGIR-CHAMPA,Overall,Middle,0,87.30406612157822,12.695932388305664
10514,JASHPUR,General,High,1,14.237658679485321,85.76234579086304
10514,JASHPUR,OBC,High,0,87.81744986772537,12.182551622390747
10514,JASHPUR,SC,High,1,0.22008847445249557,99.77990984916687
10514,JASHPUR,ST,High,1,26.52449607849121,73.47549796104431
10514,JASHPUR,Overall,High,0,87.81744986772537,12.182551622390747
10515,KANKER,General,High,1,0.3150190459564328,99.68498349189758
10515,KANKER,OBC,High,0,87.30406612157822,12.695932388305664
10515,KANKER,SC,High,0,87.30406612157822,12.695932388305664
10515,KANKER,ST,High,0,86.2348735332489,13.765120506286621
10515,KANKER,Overall,High,0,86.2348735332489,13.765120506286621
10516,KAWARDHA,General,High,0,81.92795664072037,18.072044849395752
10516,KAWARDHA,OBC,High,1,0.17127888277173042,99.82871413230896
10516,KAWARDHA,SC,High,1,1.8219688907265663,98.17803502082825
10516,KAWARDHA,ST,High,0,86.78786158561707,13.212132453918457
10516,KAWARDHA,Overall,High,0,86.78786158561707,13.212132453918457
10517,KONDAGAON,General,High,1,9.457945078611374,90.54205417633057
10517,KONDAGAON,OBC,High,1,0.6147127598524094,99.38528537750244
10517,KONDAGAON,SC,High,1,9.581349331710953e-05,99.99990463256836
10517,KONDAGAON,ST,High,1,16.260436177253723,83.73956084251404
10517,KONDAGAON,Overall,High,0,86.2348735332489,13.765120506286621
10518,KORBA,General,High,0,81.92795664072037,18.072044849395752
10518,KORBA,OBC,High,1,16.049379110336304,83.9506208896637
10518,KORBA,SC,High,1,37.09191381931305,62.90808320045471
10518,KORBA,ST,High,0,86.2348735332489,13.765120506286621
10518,KORBA,Overall,High,1,5.115798115730286,94.88420486450195
10519,KORIYA,General,High,1,10.399658977985382,89.60034251213074
10519,KORIYA,OBC,High,0,81.92795664072037,18.072044849395752
10519,KORIYA,SC,High,0,81.92795664072037,18.072044849395752
10519,KORIYA,ST,High,1,1.2126690708100796,98.78732562065125
10519,KORIYA,Overall,High,1,0.013448348909150809,99.98655319213867
10520,MAHASAMUND,General,High,0,67.6326185464859,32.36738443374634
10520,MAHASAMUND,OBC,High,0,81.92795664072037,18.072044849395752
10520,MAHASAMUND,SC,High,1,0.0020816194592043757,99.99791383743286
10520,MAHASAMUND,ST,High,1,35.767191648483276,64.23280835151672
10520,MAHASAMUND,Overall,High,0,86.78786158561707,13.212132453918457
10521,MUNGELI,General,High,1,0.2800671150907874,99.7199296951294
10521,MUNGELI,OBC,High,1,6.463097035884857,93.53690147399902
10521,MUNGELI,SC,High,0,87.30406612157822,12.695932388305664
10521,MUNGELI,ST,High,1,0.27402446139603853,99.72597360610962
10521,MUNGELI,Overall,High,0,86.2348735332489,13.765120506286621
10522,NARAYANPUR,General,High,1,9.45323037626622e-06,99.99998807907104
10522,NARAYANPUR,OBC,High,0,85.04921644926071,14.950788021087646
10522,NARAYANPUR,SC,High,1,0.3049642313271761,99.69503283500671
10522,NARAYANPUR,ST,High,0,82.48625546693802,17.5137460231781
10522,NARAYANPUR,Overall,High,0,87.30406612157822,12.695932388305664
10523,RAIGARH,General,High,1,0.6666976492851973,99.33330416679382
10523,RAIGARH,General,High,0,87.81744986772537,12.182551622390747
10523,RAIGARH,OBC,High,1,43.30248236656189,56.69751763343811
10523,RAIGARH,OBC,High,0,86.78786158561707,13.212132453918457
10523,RAIGARH,SC,High,1,5.518339574337006,94.48165893554688
10523,RAIGARH,SC,High,0,81.92795664072037,18.072044849395752
10523,RAIGARH,ST,High,1,0.10504880920052528,99.89495873451233
10523,RAIGARH,ST,High,1,0.0400588964112103,99.95993971824646
10523,RAIGARH,Overall,High,0,86.78786158561707,13.212132453918457
10523,RAIGARH,Overall,High,1,0.3030859399586916,99.69691634178162
10524,RAIPUR,General,High,0,69.97491419315338,30.025088787078857
10524,RAIPUR,OBC,High,0,80.67598044872284,19.324016571044922
10524,RAIPUR,SC,High,0,57.03274309635162,42.967259883880615
10524,RAIPUR,ST,High,0,86.2348735332489,13.765120506286621
10524,RAIPUR,Overall,High,0,87.30406612157822,12.695932388305664
10525,RAJNANDGAON,General,High,0,87.33655959367752,12.663441896438599
10525,RAJNANDGAON,OBC,High,1,0.18961564637720585,99.81038570404053
10525,RAJNANDGAON,SC,High,1,11.725487560033798,88.27451467514038
10525,RAJNANDGAON,ST,High,1,0.51611945964396,99.48387742042542
10525,RAJNANDGAON,Overall,High,0,86.2348735332489,13.765120506286621
10526,SUKMA,General,High,1,0.22848243825137615,99.77152347564697
10526,SUKMA,OBC,High,0,85.04921644926071,14.950788021087646
10526,SUKMA,SC,High,1,0.11867134599015117,99.8813271522522
10526,SUKMA,ST,High,1,0.10806869249790907,99.89193677902222
10526,SUKMA,Overall,High,0,81.92795664072037,18.072044849395752
10527,SURAJPUR,General,High,0,86.2348735332489,13.765120506286621
10527,SURAJPUR,OBC,High,1,0.22804108448326588,99.77195858955383
10527,SURAJPUR,SC,High,0,80.57498335838318,19.4250226020813
10527,SURAJPUR,ST,High,0,86.2348735332489,13.765120506286621
10527,SURAJPUR,Overall,High,1,0.12157950550317764,99.87842440605164
10528,SURGUJA,General,High,1,0.11740911286324263,99.88258481025696
10528,SURGUJA,OBC,High,1,1.909417286515236,98.09058904647827
10528,SURGUJA,SC,High,1,0.15287211863324046,99.84713196754456
10528,SURGUJA,ST,High,0,87.81744986772537,12.182551622390747
10528,SURGUJA,Overall,High,1,25.265416502952576,74.73457455635071
10601,DADRAANDNAGARHAVELI(DIST),General,High,1,16.14765077829361,83.85234475135803
10601,DADRAANDNAGARHAVELI(DIST),OBC,High,0,87.30406612157822,12.695932388305664
10601,DADRAANDNAGARHAVELI(DIST),SC,High,1,2.1517250686883926,97.84827828407288
10601,DADRAANDNAGARHAVELI(DIST),ST,High,0,58.81646275520325,41.183531284332275
10601,DADRAANDNAGARHAVELI(DIST),Overall,High,1,0.13112006708979607,99.86887574195862
10602,DAMAN(DIST),General,High,0,78.25313210487366,21.746867895126343
10602,DAMAN(DIST),OBC,High,0,87.81744986772537,12.182551622390747
10602,DAMAN(DIST),SC,High,0,86.2348735332489,13.765120506286621
10602,DAMAN(DIST),ST,High,1,0.03620992065407336,99.96378421783447
10602,DAMAN(DIST),Overall,High,0,81.92795664072037,18.072044849395752
10603,DIU(DIST),General,High,1,10.998843610286713,89.00115489959717
10603,DIU(DIST),OBC,High,0,72.85524904727936,27.14475393295288
10603,DIU(DIST),SC,High,0,86.23487204313278,13.765132427215576
10603,DIU(DIST),ST,High,1,3.10131274163723,96.89868092536926
10603,DIU(DIST),Overall,High,0,67.79798865318298,32.202017307281494
10701,Central,General,High,0,87.81744986772537,12.182551622390747
10701,Central,OBC,High,0,83.42007100582123,16.57993197441101
10701,Central,SC,High,1,10.98165288567543,89.01834487915039
10701,Central,ST,High,1,0.2283252775669098,99.77167844772339
10701,Central,Overall,High,1,0.05006397841498256,99.94993209838867
10702,East,General,High,1,31.23120367527008,68.76879334449768
10702,East,OBC,High,1,11.631663143634796,88.36833238601685
10702,East,SC,High,0,81.92795664072037,18.072044849395752
10702,East,ST,High,0,82.66942650079727,17.330574989318848
10702,East,Overall,High,1,6.7954666912555695,93.20452809333801
10703,NewDelhi,General,High,0,67.8141862154007,32.18581676483154
10703,NewDelhi,OBC,High,0,86.78786158561707,13.212132453918457
10703,NewDelhi,SC,High,1,0.2503645373508334,99.74963068962097
10703,NewDelhi,ST,High,0,87.30406612157822,12.695932388305664
10703,NewDelhi,Overall,High,0,87.30406612157822,12.695932388305664
10704,North,General,High,0,81.92795664072037,18.072044849395752
10704,North,OBC,High,1,1.193603128194809,98.80639910697937
10704,North,SC,High,1,0.13961703516542912,99.8603880405426
10704,North,ST,High,1,0.008552671351935714,99.99144077301025
10704,North,Overall,High,1,2.325829863548279,97.67416715621948
10705,NorthEast,General,High,0,87.30406612157822,12.695932388305664
10705,NorthEast,OBC,High,0,86.2348735332489,13.765120506286621
10705,NorthEast,SC,High,1,0.2124657854437828,99.78753328323364
10705,NorthEast,ST,High,0,87.81744986772537,12.182551622390747
10705,NorthEast,Overall,High,1,0.10198140516877174,99.89801049232483
10706,NorthWestA,General,High,1,2.8353195637464523,97.16468453407288
10706,NorthWestA,OBC,High,1,0.02179683797294274,99.97820258140564
10706,NorthWestA,SC,High,1,2.3916060104966164,97.60839343070984
10706,NorthWestA,ST,High,0,87.81744986772537,12.182551622390747
10706,NorthWestA,Overall,High,1,0.006499054143205285,99.99350309371948
10707,NorthWestB,General,High,1,0.18531123641878366,99.81468915939331
10707,NorthWestB,OBC,High,1,0.1253876485861838,99.87461566925049
10707,NorthWestB,SC,High,0,85.04921644926071,14.950788021087646
10707,NorthWestB,ST,High,1,0.1600582618266344,99.83994364738464
10707,NorthWestB,Overall,High,1,0.21320853848010302,99.78679418563843
10708,South,General,High,1,0.01568933221278712,99.98431205749512
10708,South,OBC,High,0,91.01690426468849,8.983093500137329
10708,South,SC,High,1,0.16944378148764372,99.83055591583252
10708,South,ST,High,0,82.21764117479324,17.7823543548584
10708,South,Overall,High,0,87.81744986772537,12.182551622390747
10709,SouthEast,General,High,0,87.81744986772537,12.182551622390747
10709,SouthEast,OBC,High,1,44.16869282722473,55.83130717277527
10709,SouthEast,SC,High,1,16.646860539913177,83.3531379699707
10709,SouthEast,ST,High,0,81.92795664072037,18.072044849395752
10709,SouthEast,Overall,High,1,0.09798621758818626,99.90200996398926
10710,SouthWestA,General,High,1,0.06322779227048159,99.93677735328674
10710,SouthWestA,OBC,High,1,0.18246382242068648,99.81753826141357
10710,SouthWestA,SC,High,0,86.2348735332489,13.765120506286621
10710,SouthWestA,ST,High,1,0.09171946439892054,99.90828037261963
10710,SouthWestA,Overall,High,0,88.6977881193161,11.302214860916138
10711,SouthWestB,General,High,1,4.205475375056267,95.79452872276306
10711,SouthWestB,OBC,High,0,86.2348735332489,13.765120506286621
10711,SouthWestB,SC,High,0,87.81744986772537,12.182551622390747
10711,SouthWestB,ST,High,0,83.5358664393425,16.46413803100586
10711,SouthWestB,Overall,High,0,65.159210562706,34.84078049659729
10712,WestA,General,High,1,0.288369576446712,99.71163272857666
10712,WestA,OBC,High,0,87.81744986772537,12.182551622390747
10712,WestA,SC,High,0,87.81744986772537,12.182551622390747
10712,WestA,ST,High,1,0.10408330708742142,99.89591836929321
10712,WestA,Overall,High,1,0.15689835418015718,99.84310269355774
10713,WestB,General,High,1,1.7156988382339478,98.28429818153381
10713,WestB,OBC,High,0,87.33655959367752,12.663441896438599
10713,WestB,SC,High,1,0.16615536296740174,99.83384609222412
10713,WestB,ST,High,1,1.9283020868897438,98.07170033454895
10713,WestB,Overall,High,0,86.2348735332489,13.765120506286621
10801,NORTHGOA,General,High,0,87.30406612157822,12.695932388305664
10801,NORTHGOA,OBC,High,0,81.92795664072037,18.072044849395752
10801,NORTHGOA,SC,High,0,73.45142662525177,26.54857635498047
10801,NORTHGOA,ST,High,0,86.78786158561707,13.212132453918457
10801,NORTHGOA,Overall,High,0,86.78786158561707,13.212132453918457
10802,SOUTHGOA,General,High,1,24.410222470760345,75.58977603912354
10802,SOUTHGOA,OBC,High,0,87.30406612157822,12.695932388305664
10802,SOUTHGOA,SC,High,1,0.1925054588355124,99.80748891830444
10802,SOUTHGOA,ST,High,0,87.30406612157822,12.695932388305664
10802,SOUTHGOA,Overall,High,0,91.01690426468849,8.983093500137329
10901,AHMEDABAD,General,High,1,0.03854987444356084,99.96144771575928
10901,AHMEDABAD,OBC,High,1,0.0002288094037794508,99.99977350234985
10901,AHMEDABAD,SC,High,0,83.42007100582123,16.57993197441101
10901,AHMEDABAD,ST,High,1,0.18357186345383525,99.81643557548523
10901,AHMEDABAD,Overall,High,1,0.10759778087958694,99.89239573478699
10902,AMRELI,General,High,0,88.6977881193161,11.302214860916138
10902,AMRELI,OBC,High,0,86.2348735332489,13.765120506286621
10902,AMRELI,SC,High,0,86.2348735332489,13.765120506286621
10902,AMRELI,ST,High,1,0.11094718938693404,99.88905787467957
10902,AMRELI,Overall,High,1,4.19815257191658,95.80184817314148
10903,ANAND,General,High,1,24.080713093280792,75.9192943572998
10903,ANAND,OBC,High,1,17.817355692386627,82.18264579772949
10903,ANAND,SC,High,0,87.12860494852066,12.871396541595459
10903,ANAND,ST,High,0,87.81744986772537,12.182551622390747
10903,ANAND,Overall,High,1,0.0408257357776165,99.95917677879333
10904,ARAVALLI,General,High,0,75.14920830726624,24.850797653198242
10904,ARAVALLI,OBC,High,1,2.1662259474396706,97.83377051353455
10904,ARAVALLI,SC,High,0,81.92795664072037,18.072044849395752
10904,ARAVALLI,ST,High,0,77.48603820800781,22.51395583152771
10904,ARAVALLI,Overall,High,1,0.08390999864786863,99.9160885810852
10905,BANASKANTHA,General,High,0,81.92795664072037,18.072044849395752
10905,BANASKANTHA,OBC,High,0,86.2348735332489,13.765120506286621
10905,BANASKANTHA,SC,High,0,81.92795664072037,18.072044849395752
10905,BANASKANTHA,ST,High,0,86.78786158561707,13.212132453918457
10905,BANASKANTHA,Overall,High,0,85.04921644926071,14.950788021087646
10906,BHARUCH,General,High,1,0.2449959982186556,99.75500702857971
10906,BHARUCH,OBC,High,0,87.30406612157822,12.695932388305664
10906,BHARUCH,SC,High,1,19.434136152267456,80.56586384773254
10906,BHARUCH,ST,High,0,86.78786158561707,13.212132453918457
10906,BHARUCH,Overall,High,0,87.30406612157822,12.695932388305664
10907,BHAVNAGAR,General,High,0,87.81744986772537,12.182551622390747
10907,BHAVNAGAR,OBC,High,0,86.2348735332489,13.765120506286621
10907,BHAVNAGAR,SC,High,0,78.25313210487366,21.746867895126343
10907,BHAVNAGAR,ST,High,1,38.74542415142059,61.25457286834717
10907,BHAVNAGAR,Overall,High,1,0.17519505927339196,99.82481002807617
10908,BOTAD,General,High,0,86.78786158561707,13.212132453918457
10908,BOTAD,OBC,High,0,78.09483408927917,21.905165910720825
10908,BOTAD,SC,High,1,0.1455574412830174,99.8544454574585
10908,BOTAD,ST,High,1,0.12197410687804222,99.87803101539612
10908,BOTAD,Overall,High,1,0.13533624587580562,99.86466765403748
