DNo,Location,Social Category,Income,dropout,snr_Overall_social_category,snr_Overall_income
10001,ANANTAPUR,General,High,1,0.00041780449464567937,99.99958276748657
10001,ANANTAPUR,OBC,High,0,80.89867830276489,19.101321697235107
10001,ANANTAPUR,SC,High,1,5.154956017605627e-07,100.0
10001,ANANTAPUR,ST,High,1,0.025284854928031564,99.9747097492218
10001,ANANTAPUR,Overall,High,1,0.08105565211735666,99.91894364356995
10002,CHITTOOR,General,High,1,0.0003888647825078806,99.99960660934448
10002,CHITTOOR,OBC,High,0,52.4506151676178,47.5493848323822
10002,CHITTOOR,SC,High,1,0.00666719424771145,99.99333620071411
10002,CHITTOOR,ST,High,1,0.007825425564078614,99.99217987060547
10002,CHITTOOR,Overall,High,1,1.7056411394378301e-06,100.0
10003,EASTGODAVARI,General,High,1,0.6267092656344175,99.37328696250916
10003,EASTGODAVARI,OBC,High,1,1.576884277164936,98.4231173992157
10003,EASTGODAVARI,SC,High,0,63.338202238082886,36.66180372238159
10003,EASTGODAVARI,ST,High,1,0.00017560338392286212,99.99982118606567
10003,EASTGODAVARI,Overall,High,1,23.736754059791565,76.26324892044067
10004,GUNTUR,General,High,1,0.0003377605935384054,99.99966621398926
10004,GUNTUR,OBC,High,1,2.144937962293625,97.8550672531128
10004,GUNTUR,SC,High,1,0.05173540557734668,99.94826316833496
10004,GUNTUR,ST,High,1,0.002404514634690713,99.99759197235107
10004,GUNTUR,Overall,High,1,2.970765251575358e-05,99.99997615814209
10005,KADAPA,General,High,1,24.438057839870453,75.56194067001343
10005,KADAPA,OBC,High,1,0.04510317521635443,99.95489716529846
10005,KADAPA,SC,High,1,0.010058836778625846,99.98993873596191
10005,KADAPA,ST,High,1,0.0020948766177752987,99.9979019165039
10005,KADAPA,Overall,High,1,0.050917157204821706,99.94908571243286
10006,KRISHNA,General,High,1,0.00029868033379898407,99.99970197677612
10006,KRISHNA,OBC,High,1,6.773369705115329e-05,99.99992847442627
10006,KRISHNA,SC,High,1,0.09980330942198634,99.90020394325256
10006,KRISHNA,ST,High,1,0.1312731415964663,99.86873269081116
10006,KRISHNA,Overall,High,1,0.0037151083233766258,99.99628067016602
10007,KURNOOL,General,High,1,13.187658786773682,86.81234121322632
10007,KURNOOL,OBC,High,0,88.16307261586189,11.836928129196167
10007,KURNOOL,SC,High,0,61.363184452056885,38.63680958747864
10007,KURNOOL,ST,High,1,0.003837876647594385,99.99616146087646
10007,KURNOOL,Overall,High,1,0.0009628995030652732,99.99903440475464
10008,NELLORE,General,High,1,0.00022439924123318633,99.99977350234985
10008,NELLORE,OBC,High,1,0.03941705508623272,99.96058344841003
10008,NELLORE,SC,High,1,0.012091857934137806,99.98791217803955
10008,NELLORE,ST,High,0,61.54126524925232,38.45873475074768
10008,NELLORE,Overall,High,0,58.33219885826111,41.66780114173889
10009,PRAKASAM,General,High,1,0.018676297622732818,99.98132586479187
10009,PRAKASAM,OBC,High,1,0.24391342885792255,99.75608587265015
10009,PRAKASAM,SC,High,0,88.1630651652813,11.836934089660645
10009,PRAKASAM,ST,High,0,80.89867830276489,19.101321697235107
10009,PRAKASAM,Overall,High,1,8.129351414254415e-07,100.0
10010,SRIKAKULAM,General,High,1,3.5050444304943085,96.49496078491211
10010,SRIKAKULAM,OBC,High,1,0.1728425151668489,99.82715845108032
10010,SRIKAKULAM,SC,High,0,91.22512117028236,8.774876594543457
10010,SRIKAKULAM,ST,High,0,88.95367830991745,11.04632019996643
10010,SRIKAKULAM,Overall,High,1,16.34833514690399,83.65166187286377
10011,VISAKHAPATNAM,General,High,1,0.059810420498251915,99.94019269943237
10011,VISAKHAPATNAM,OBC,High,1,0.00015353843991761096,99.99984502792358
10011,VISAKHAPATNAM,SC,High,1,21.564881503582,78.43512296676636
10011,VISAKHAPATNAM,ST,High,1,7.978352982718206e-05,99.99991655349731
10011,VISAKHAPATNAM,Overall,High,0,81.33489042520523,18.66511106491089
10012,VIZIANAGARAM,General,High,1,9.164095260416616e-07,100.0
10012,VIZIANAGARAM,OBC,High,1,0.5339106544852257,99.46609139442444
10012,VIZIANAGARAM,SC,High,1,0.20641966257244349,99.79357719421387
10012,VIZIANAGARAM,ST,High,1,4.959603771567345,95.04039883613586
10012,VIZIANAGARAM,Overall,High,1,0.1626838813535869,99.83731508255005
10013,WESTGODAVARI,General,High,1,0.07678377442061901,99.92321729660034
10013,WESTGODAVARI,OBC,High,1,3.360979690114618e-05,99.99996423721313
10013,WESTGODAVARI,SC,High,1,0.6057565566152334,99.39424395561218
10013,WESTGODAVARI,ST,High,1,0.12434822274371982,99.87565279006958
10013,WESTGODAVARI,Overall,High,1,0.17322279745712876,99.82677698135376
10101,ArunachalPradesh,General,High,1,0.000537501819053432,99.99946355819702
10101,ArunachalPradesh,SC,High,0,88.95367830991745,11.04632019996643
10101,ArunachalPradesh,ST,High,0,80.89867830276489,19.101321697235107
10101,ArunachalPradesh,OBC,High,1,3.8237344473600388,96.17626070976257
10201,BAJALI,General,High,1,0.25448978412896395,99.74550604820251
10201,BAJALI,OBC,High,1,0.002749737905105576,99.99724626541138
10201,BAJALI,SC,High,1,0.15257550403475761,99.84741806983948
10201,BAJALI,ST,High,1,0.0006559858320542844,99.99934434890747
10201,BAJALI,Overall,High,1,0.30337884090840816,99.69661831855774
10202,BAKSA,General,Low,1,0.00046199156713555567,99.99953508377075
10202,BAKSA,OBC,Low,1,0.017500646936241537,99.98250603675842
10202,BAKSA,SC,Low,1,0.030391974723897874,99.9696135520935
10202,BAKSA,ST,Low,1,1.7248753181320353e-05,99.99998807907104
10202,BAKSA,Overall,Low,1,0.2675180556252599,99.73248243331909
10203,BARPETA,General,High,0,79.8694297671318,20.130568742752075
10203,BARPETA,OBC,High,1,0.3395664971321821,99.6604323387146
10203,BARPETA,SC,High,1,3.2375894486904144,96.76240682601929
10203,BARPETA,ST,High,1,30.68026602268219,69.31973099708557
10203,BARPETA,Overall,High,1,48.86784255504608,51.13215446472168
10204,BISWANATH,General,High,1,0.001757850441208575,99.9982476234436
10204,BISWANATH,OBC,High,1,9.395221809427312e-05,99.99990463256836
10204,BISWANATH,SC,High,1,0.0191781364264898,99.98082518577576
10204,BISWANATH,ST,High,1,0.07247342728078365,99.9275267124176
10204,BISWANATH,Overall,High,0,81.33489042520523,18.66511106491089
10205,BONGAIGAON,General,High,1,0.0020113977370783687,99.99798536300659
10205,BONGAIGAON,OBC,High,1,0.03522449696902186,99.96477365493774
10205,BONGAIGAON,SC,High,0,81.33489042520523,18.66511106491089
10205,BONGAIGAON,ST,High,1,0.0134710906422697,99.98652935028076
10205,BONGAIGAON,Overall,High,1,0.0002982994601552491,99.99970197677612
10206,CACHAR,General,Low,1,3.784982141041837e-05,99.99996423721313
10206,CACHAR,OBC,Low,1,0.07206539739854634,99.92793202400208
10206,CACHAR,SC,Low,1,3.5435862839221954,96.45641446113586
10206,CACHAR,ST,Low,1,1.3347400340535387e-05,99.99998807907104
10206,CACHAR,Overall,Low,0,88.95367830991745,11.04632019996643
10207,CHARAIDEO,General,Low,1,0.4800419323146343,99.51995611190796
10207,CHARAIDEO,OBC,Low,1,0.734067615121603,99.26593899726868
10207,CHARAIDEO,SC,Low,1,0.20068790763616562,99.79931116104126
10207,CHARAIDEO,ST,Low,1,1.3040052726864815,98.69599938392639
10207,CHARAIDEO,Overall,Low,0,88.1630651652813,11.836934089660645
10208,CHIRANG,General,High,1,1.6575003042817116,98.3424961566925
10208,CHIRANG,OBC,High,1,2.5886934536625307e-12,100.0
10208,CHIRANG,SC,High,1,0.07032214780338109,99.929678440094
10208,CHIRANG,ST,High,1,1.9764058291912079,98.02359342575073
10208,CHIRANG,Overall,High,1,0.5300602409988642,99.46993589401245
10209,DARRANG,General,High,1,1.8300428986549377,98.16995859146118
10209,DARRANG,OBC,High,1,7.74119570851326,92.2588050365448
10209,DARRANG,SC,High,1,0.027032115031033754,99.97296929359436
10209,DARRANG,ST,High,1,0.016302263247780502,99.98369216918945
10209,DARRANG,Overall,High,1,0.0062463528593070805,99.99375343322754
10210,DHEMAJI,General,High,1,6.612066005828865e-07,100.0
10210,DHEMAJI,OBC,High,1,0.0005352806965674972,99.99946355819702
10210,DHEMAJI,SC,High,1,0.004582823748933151,99.99542236328125
10210,DHEMAJI,ST,High,1,1.2731431983411312,98.72685670852661
10210,DHEMAJI,Overall,High,1,0.11786522809416056,99.88213181495667
10211,DHUBRI,General,High,0,88.95367830991745,11.04632019996643
10211,DHUBRI,OBC,High,0,88.95367830991745,11.04632019996643
10211,DHUBRI,SC,High,1,0.004462967626750469,99.9955415725708
10211,DHUBRI,ST,High,1,0.0005194129244046053,99.99947547912598
10211,DHUBRI,Overall,High,1,0.0006720885266986443,99.99933242797852
10212,DIBRUGARH,General,High,1,9.98097220872296e-05,99.99990463256836
10212,DIBRUGARH,OBC,High,0,81.33489042520523,18.66511106491089
10212,DIBRUGARH,SC,High,0,88.95367681980133,11.046326160430908
10212,DIBRUGARH,ST,High,1,1.7516875639557838,98.24831485748291
10212,DIBRUGARH,Overall,High,0,80.89867830276489,19.101321697235107
10213,DIMAHASAO,General,High,1,0.013430457329377532,99.98656511306763
10213,DIMAHASAO,OBC,High,1,7.203860580921173,92.79614090919495
10213,DIMAHASAO,SC,High,1,0.010036914318334311,99.98996257781982
10213,DIMAHASAO,ST,High,1,2.1945234607301245e-05,99.99997615814209
10213,DIMAHASAO,Overall,High,1,3.043872425223526e-05,99.99996423721313
10214,GOALPARA,General,High,1,0.005333150329533964,99.99467134475708
10214,GOALPARA,OBC,High,1,27.898436784744263,72.10156917572021
10214,GOALPARA,SC,High,1,12.115219980478287,87.88478374481201
10214,GOALPARA,ST,High,1,0.00105518483906053,99.998939037323
10214,GOALPARA,Overall,High,1,0.002134599162673112,99.99786615371704
10215,GOLAGHAT,General,High,0,63.73503506183624,36.26496195793152
10215,GOLAGHAT,OBC,High,1,0.0024010663764784113,99.99760389328003
10215,GOLAGHAT,SC,High,1,3.1486882789977244e-05,99.99996423721313
10215,GOLAGHAT,ST,High,0,66.69248640537262,33.30751061439514
10215,GOLAGHAT,Overall,High,1,0.0003957750777772162,99.99960660934448
10216,HAILAKANDI,General,High,1,1.8763695024820448e-10,100.0
10216,HAILAKANDI,OBC,High,0,80.89867830276489,19.101321697235107
10216,HAILAKANDI,SC,High,0,91.22512117028236,8.774876594543457
10216,HAILAKANDI,ST,High,1,0.2907424932345748,99.7092604637146
10216,HAILAKANDI,Overall,High,1,0.0002633483745739795,99.99973773956299
10217,HOJAI,General,High,1,9.30732861161232,90.69267511367798
10217,HOJAI,OBC,High,1,0.7309936918318272,99.26900267601013
10217,HOJAI,SC,High,1,0.5041788797825575,99.4958221912384
10217,HOJAI,ST,High,1,0.8710972033441067,99.12890195846558
10217,HOJAI,Overall,High,0,81.33489042520523,18.66511106491089
10218,JORHAT,General,High,1,0.015475510735996068,99.98452663421631
10218,JORHAT,OBC,High,1,0.052928877994418144,99.94707703590393
10218,JORHAT,SC,High,1,0.07069662678986788,99.92929697036743
10218,JORHAT,ST,High,1,0.21873509977012873,99.78126287460327
10218,JORHAT,Overall,High,1,0.06048615905456245,99.93951320648193
10219,KAMRUP-METRO,General,High,1,1.7027413472533226,98.29725623130798
10219,KAMRUP-METRO,OBC,High,1,9.043804993780213e-05,99.99990463256836
10219,KAMRUP-METRO,SC,High,1,0.08484339923597872,99.91515874862671
10219,KAMRUP-METRO,ST,High,1,0.322516611777246,99.67748522758484
10219,KAMRUP-METRO,Overall,High,1,0.45952415093779564,99.54047203063965
10220,KAMRUP-RURAL,General,High,1,0.012701129890047014,99.98729228973389
10220,KAMRUP-RURAL,OBC,High,1,0.13400866882875562,99.86598491668701
10220,KAMRUP-RURAL,SC,High,1,0.009587066597305238,99.99041557312012
10220,KAMRUP-RURAL,ST,High,1,0.006470471271313727,99.99352693557739
10220,KAMRUP-RURAL,Overall,High,1,0.00015048819932417246,99.99984502792358
10221,KARBIANGLONG,General,High,1,0.07493114680983126,99.92507100105286
10221,KARBIANGLONG,OBC,High,0,68.27549338340759,31.724506616592407
10221,KARBIANGLONG,SC,High,1,0.1156942336820066,99.88430738449097
10221,KARBIANGLONG,ST,High,1,9.542464596279387e-07,100.0
10221,KARBIANGLONG,Overall,High,1,0.0072972121415659785,99.99270439147949
10222,KARIMGANJ,General,High,1,0.3009879728779197,99.69900846481323
10222,KARIMGANJ,OBC,High,1,3.424345094490283e-15,100.0
10222,KARIMGANJ,SC,High,1,0.003463108077994548,99.99653100967407
10222,KARIMGANJ,ST,High,1,0.07757527637295425,99.92241859436035
10222,KARIMGANJ,Overall,High,1,0.0017002716049319133,99.99829530715942
10223,KOKRAJHAR,General,High,1,0.0025353263481520116,99.99746084213257
10223,KOKRAJHAR,OBC,High,1,0.05421053501777351,99.94578957557678
10223,KOKRAJHAR,SC,High,1,0.12012114748358727,99.87987279891968
10223,KOKRAJHAR,ST,High,1,0.06273073377087712,99.9372661113739
10223,KOKRAJHAR,Overall,High,1,0.20370949059724808,99.79629516601562
10224,LAKHIMPUR,General,Low,1,0.09237182093784213,99.9076247215271
10224,LAKHIMPUR,OBC,Low,1,0.001528752727608662,99.99847412109375
10224,LAKHIMPUR,SC,Low,1,0.02774796448647976,99.97225403785706
10224,LAKHIMPUR,ST,Low,1,0.00455975387012586,99.9954342842102
10224,LAKHIMPUR,Overall,Low,0,54.19604182243347,45.80395817756653
10225,MAJULI,General,Low,1,0.18585497746244073,99.81414079666138
10225,MAJULI,OBC,Low,1,0.04154300258960575,99.95846152305603
10225,MAJULI,SC,Low,1,21.076925098896027,78.92307639122009
10225,MAJULI,ST,Low,1,0.0014143750377115794,99.99858140945435
10225,MAJULI,Overall,Low,1,0.010813769040396437,99.98918771743774
10226,MORIGAON,General,High,1,0.007107387500582263,99.99289512634277
10226,MORIGAON,OBC,High,1,0.04619886458385736,99.95380640029907
10226,MORIGAON,SC,High,1,0.19467746606096625,99.80531930923462
10226,MORIGAON,ST,High,1,0.002068117100861855,99.99793767929077
10226,MORIGAON,Overall,High,0,80.89867830276489,19.101321697235107
10227,NAGAON,General,High,1,0.0005187886472413084,99.99947547912598
10227,NAGAON,OBC,High,1,0.021431338973343372,99.97857213020325
10227,NAGAON,SC,High,1,0.10350409429520369,99.89649057388306
10227,NAGAON,ST,High,1,32.15315639972687,67.8468406200409
10227,NAGAON,Overall,High,1,0.001512624749011593,99.9984860420227
10228,NALBARI,General,High,0,88.95367830991745,11.04632019996643
10228,NALBARI,OBC,High,1,0.26812409050762653,99.73188042640686
10228,NALBARI,SC,High,0,88.95367830991745,11.04632019996643
10228,NALBARI,ST,High,1,0.00034122838314942783,99.9996542930603
10228,NALBARI,Overall,High,1,0.08019182132557034,99.91981387138367
10229,SIBSAGAR,General,High,1,0.041255971882492304,99.95874762535095
10229,SIBSAGAR,OBC,High,1,0.04503906820900738,99.95495676994324
10229,SIBSAGAR,SC,High,1,0.40985005907714367,99.59015250205994
10229,SIBSAGAR,ST,High,1,0.0018234200979350135,99.99817609786987
10229,SIBSAGAR,Overall,High,1,0.0008145781066559721,99.99918937683105
10230,SONITPUR,General,High,1,0.04035385500174016,99.95965361595154
10230,SONITPUR,OBC,High,1,0.28213057667016983,99.71786737442017
10230,SONITPUR,SC,High,0,80.89867830276489,19.101321697235107
10230,SONITPUR,ST,High,1,0.01519680954515934,99.98480081558228
10230,SONITPUR,Overall,High,1,0.8103298023343086,99.18966889381409
10231,SOUTHSALMARA-MANKACHAR,General,High,1,0.001322499338130001,99.99867677688599
10231,SOUTHSALMARA-MANKACHAR,OBC,High,0,88.95367830991745,11.04632019996643
10231,SOUTHSALMARA-MANKACHAR,SC,High,1,4.244427600497147e-05,99.99995231628418
10231,SOUTHSALMARA-MANKACHAR,ST,High,0,79.55018728971481,20.449811220169067
10231,SOUTHSALMARA-MANKACHAR,Overall,High,1,0.1253595924936235,99.8746395111084
10232,TAMULPUR,General,High,1,0.0001394706259816303,99.99985694885254
10232,TAMULPUR,OBC,High,1,0.02828586148098111,99.97171759605408
10232,TAMULPUR,SC,High,0,88.95367830991745,11.04632019996643
10232,TAMULPUR,ST,High,1,0.0032675336115062237,99.99673366546631
10232,TAMULPUR,Overall,High,0,79.8694297671318,20.130568742752075
10233,TINSUKIA,General,Low,0,86.18174195289612,13.818252086639404
10233,TINSUKIA,OBC,Low,1,0.017150513303931803,99.98284578323364
10233,TINSUKIA,SC,Low,1,2.5584902916425158e-12,100.0
10233,TINSUKIA,ST,Low,1,3.9074528962373734,96.09254002571106
10233,TINSUKIA,Overall,Low,1,0.08522092830389738,99.91477727890015
10234,UDALGURI,General,High,0,88.95367830991745,11.04632019996643
10234,UDALGURI,OBC,High,1,0.009084952034754679,99.99091625213623
10234,UDALGURI,SC,High,1,0.009460982983000576,99.99053478240967
10234,UDALGURI,ST,High,1,0.013136457710061222,99.9868631362915
10234,UDALGURI,Overall,High,1,0.18447251059114933,99.81552958488464
10235,WESTKARBIANGLONG,General,High,1,2.9138944729334426e-09,100.0
10235,WESTKARBIANGLONG,OBC,High,0,88.95367830991745,11.04632019996643
10235,WESTKARBIANGLONG,SC,High,1,0.007072932930896059,99.99293088912964
10235,WESTKARBIANGLONG,ST,High,1,0.0776075932662934,99.92239475250244
10235,WESTKARBIANGLONG,Overall,High,1,0.0016774720279499888,99.99831914901733
10301,ARARIA,General,High,1,0.04603085690177977,99.95397329330444
10301,ARARIA,OBC,High,1,0.0392174901207909,99.96078610420227
10301,ARARIA,SC,High,1,0.0866919697728008,99.9133050441742
10301,ARARIA,ST,High,1,0.0006031211341905873,99.99939203262329
10301,ARARIA,Overall,High,1,0.047849517432041466,99.95214939117432
10302,ARWAL,General,Low,1,0.01071356309694238,99.98928308486938
10302,ARWAL,OBC,Low,1,0.005229723319644108,99.99476671218872
10302,ARWAL,SC,Low,0,80.89867830276489,19.101321697235107
10302,ARWAL,ST,Low,1,0.005263184357318096,99.99473094940186
10302,ARWAL,Overall,Low,1,0.30468020122498274,99.69531297683716
10303,AURANGABAD(BIHAR),General,Low,1,13.083495199680328,86.91650032997131
10303,AURANGABAD(BIHAR),OBC,Low,1,3.905676712492694e-12,100.0
10303,AURANGABAD(BIHAR),SC,Low,1,0.1079564681276679,99.89204406738281
10303,AURANGABAD(BIHAR),ST,Low,1,7.010915510363702e-05,99.99992847442627
10303,AURANGABAD(BIHAR),Overall,Low,1,0.04374361305963248,99.95625615119934
10304,BANKA,General,High,1,0.026552178314886987,99.97344613075256
10304,BANKA,OBC,High,0,80.89867830276489,19.101321697235107
10304,BANKA,SC,High,1,2.0940649392287014e-05,99.99997615814209
10304,BANKA,ST,High,0,84.40859019756317,15.591412782669067
10304,BANKA,Overall,High,1,0.055085966596379876,99.94491934776306
10305,BEGUSARAI,General,High,1,0.000435634819950792,99.99955892562866
10305,BEGUSARAI,OBC,High,1,2.526075951755047,97.47392535209656
10305,BEGUSARAI,SC,High,1,3.32348299991736e-06,100.0
10305,BEGUSARAI,ST,High,1,7.619743794202805,92.38026142120361
10305,BEGUSARAI,Overall,High,1,0.014230138913262635,99.98576641082764
10306,BHAGALPUR,General,Low,1,0.03579961194191128,99.9642014503479
10306,BHAGALPUR,OBC,Low,1,0.002664417843334377,99.99732971191406
10306,BHAGALPUR,SC,Low,1,0.00033573867312952643,99.99966621398926
10306,BHAGALPUR,ST,Low,1,0.002626184868859127,99.99737739562988
10306,BHAGALPUR,Overall,Low,1,0.618518004193902,99.38148260116577
10307,BHOJPUR,General,Low,1,0.032479240326210856,99.96752738952637
10307,BHOJPUR,OBC,Low,0,61.363184452056885,38.63680958747864
10307,BHOJPUR,SC,Low,1,7.619743794202805,92.38026142120361
10307,BHOJPUR,ST,Low,0,88.95367830991745,11.04632019996643
10307,BHOJPUR,Overall,Low,1,0.0005543016413867008,99.99945163726807
10308,BUXAR,General,High,1,0.9621427394449711,99.03786182403564
10308,BUXAR,OBC,High,1,0.06903941393829882,99.93096590042114
10308,BUXAR,SC,High,0,88.95367830991745,11.04632019996643
10308,BUXAR,ST,High,1,0.1493478543125093,99.8506486415863
10308,BUXAR,Overall,High,1,0.13711152132600546,99.86288547515869
10309,DARBHANGA,General,High,1,0.6607309449464083,99.33926463127136
10309,DARBHANGA,OBC,High,1,0.007859332981752232,99.9921441078186
10309,DARBHANGA,SC,High,0,61.387935280799866,38.612061738967896
10309,DARBHANGA,ST,High,1,0.15179936308413744,99.84820485115051
10309,DARBHANGA,Overall,High,1,0.0013934796697867569,99.99860525131226
10310,GAYA,General,Low,1,0.0001263068156731606,99.9998688697815
10310,GAYA,OBC,Low,1,0.3664713120087981,99.63352680206299
10310,GAYA,SC,Low,1,0.06238228525035083,99.93762373924255
10310,GAYA,ST,Low,1,2.1555078433266317e-05,99.99997615814209
10310,GAYA,Overall,Low,1,2.8310324996709824,97.16897010803223
10311,GOPALGANJ,General,Low,1,5.9636276215314865,94.03637647628784
10311,GOPALGANJ,OBC,Low,1,0.22582437377423048,99.77418184280396
10311,GOPALGANJ,SC,Low,1,0.0025643041226430796,99.99743700027466
10311,GOPALGANJ,ST,Low,1,39.9707168340683,60.02928614616394
10311,GOPALGANJ,Overall,Low,0,88.95367830991745,11.04632019996643
10312,JAMUI,General,High,1,0.11664018966257572,99.88335967063904
10312,JAMUI,OBC,High,0,78.36984694004059,21.63015604019165
10312,JAMUI,SC,High,1,3.602274887271051e-05,99.99996423721313
10312,JAMUI,ST,High,1,0.2558173146098852,99.74417686462402
10312,JAMUI,Overall,High,1,0.00011495433227537433,99.99988079071045
10313,JEHANABAD,General,High,1,0.02968857588712126,99.97031092643738
10313,JEHANABAD,OBC,High,1,0.002193064028688241,99.99780654907227
10313,JEHANABAD,SC,High,1,0.13181556714698672,99.86818432807922
10313,JEHANABAD,ST,High,1,44.95777189731598,55.04223108291626
10313,JEHANABAD,Overall,High,1,0.019850816170219332,99.98014569282532
10314,KAIMUR(BHABUA),General,High,1,0.0005115114163345424,99.99948740005493
10314,KAIMUR(BHABUA),OBC,High,1,7.039366867189756e-07,100.0
10314,KAIMUR(BHABUA),SC,High,1,20.793408155441284,79.20659184455872
10314,KAIMUR(BHABUA),ST,High,1,0.002945705819001887,99.9970555305481
10314,KAIMUR(BHABUA),Overall,High,1,0.0026353218345320784,99.99736547470093
10315,KATIHAR,General,High,1,0.02526847238186747,99.97473359107971
10315,KATIHAR,OBC,High,1,28.605398535728455,71.39460444450378
10315,KATIHAR,SC,High,1,0.03967917000409216,99.96032118797302
10315,KATIHAR,ST,High,1,4.720163246929587e-05,99.99995231628418
10315,KATIHAR,Overall,High,1,7.732633200419059e-07,100.0
10316,KHAGARIA,General,High,1,0.05052650230936706,99.94946718215942
10316,KHAGARIA,OBC,High,1,0.7811837363988161,99.21882152557373
10316,KHAGARIA,SC,High,1,2.199508063495159,97.80048727989197
10316,KHAGARIA,ST,High,1,0.5621342454105616,99.43786263465881
10316,KHAGARIA,Overall,High,1,6.074286074131408e-08,100.0
10317,KISHANGANJ,General,High,1,0.07544366526417434,99.92456436157227
10317,KISHANGANJ,OBC,High,1,4.090812133483723e-08,100.0
10317,KISHANGANJ,SC,High,1,0.03608108090702444,99.96391534805298
10317,KISHANGANJ,ST,High,1,0.2889996161684394,99.71100687980652
10317,KISHANGANJ,Overall,High,0,79.8694297671318,20.130568742752075
10318,LAKHISARAI,General,High,1,0.710030272603035,99.28996562957764
10318,LAKHISARAI,OBC,High,1,0.9215407073497772,99.07846450805664
10318,LAKHISARAI,SC,High,0,91.22512117028236,8.774876594543457
10318,LAKHISARAI,ST,High,1,0.008731961133889854,99.99126195907593
10318,LAKHISARAI,Overall,High,1,1.2399546802043915,98.76004457473755
10319,MADHEPURA,General,High,1,0.003144818401779048,99.99685287475586
10319,MADHEPURA,OBC,High,1,0.0018468006601324305,99.99815225601196
10319,MADHEPURA,SC,High,1,0.7048143073916435,99.29518103599548
10319,MADHEPURA,ST,High,1,0.10937273036688566,99.89062547683716
10319,MADHEPURA,Overall,High,1,0.27003863360732794,99.72996115684509
10320,MADHUBANI,General,High,1,0.07852074922993779,99.9214768409729
10320,MADHUBANI,OBC,High,0,88.95367830991745,11.04632019996643
10320,MADHUBANI,SC,High,1,0.044055923353880644,99.95594620704651
10320,MADHUBANI,ST,High,1,0.01788924855645746,99.9821126461029
10320,MADHUBANI,Overall,High,1,0.009923370089381933,99.99006986618042
10321,MUNGER,General,Low,1,4.335945099592209,95.66405415534973
10321,MUNGER,OBC,Low,1,0.2113074529916048,99.78869557380676
10321,MUNGER,SC,Low,1,2.1648358483616903e-05,99.99997615814209
10321,MUNGER,ST,Low,1,0.0016443214917671867,99.9983549118042
10321,MUNGER,Overall,Low,1,0.0003126824822174967,99.99969005584717
10322,MUZAFFARPUR,General,High,1,2.6926543563604355,97.3073422908783
10322,MUZAFFARPUR,OBC,High,1,1.7754670977865317e-05,99.99998807907104
10322,MUZAFFARPUR,SC,High,1,0.0691738910973072,99.93082284927368
10322,MUZAFFARPUR,ST,High,1,4.395592957735062,95.604407787323
10322,MUZAFFARPUR,Overall,High,1,0.1393624464981258,99.86063838005066
10323,NALANDA,General,Low,1,0.012773371418006718,99.98722076416016
10323,NALANDA,OBC,Low,1,4.6253939567364455e-08,100.0
10323,NALANDA,SC,Low,0,83.38685482740402,16.61313772201538
10323,NALANDA,ST,Low,1,0.07784772897139192,99.92215633392334
10323,NALANDA,Overall,Low,1,0.004565358176478185,99.9954342842102
10324,NAWADA,General,High,1,0.5828886292874813,99.41710829734802
10324,NAWADA,OBC,High,1,0.003678237771964632,99.99631643295288
10324,NAWADA,SC,High,0,80.89867830276489,19.101321697235107
10324,NAWADA,ST,High,0,79.8694297671318,20.130568742752075
10324,NAWADA,Overall,High,1,3.30008864402771,96.69991135597229
10325,PASHCHIMCHAMPARAN,General,High,1,0.0006209809271240374,99.99938011169434
10325,PASHCHIMCHAMPARAN,OBC,High,1,0.05189540679566562,99.94810223579407
10325,PASHCHIMCHAMPARAN,SC,High,0,80.89867830276489,19.101321697235107
10325,PASHCHIMCHAMPARAN,ST,High,0,81.33489042520523,18.66511106491089
10325,PASHCHIMCHAMPARAN,Overall,High,1,1.86543829272523e-05,99.99997615814209
10326,PATNA,General,Low,1,0.022448912204708904,99.97754693031311
10326,PATNA,OBC,Low,1,0.00033905505461007124,99.99966621398926
10326,PATNA,SC,Low,0,80.89867830276489,19.101321697235107
10326,PATNA,ST,Low,1,8.668832265357196e-05,99.99991655349731
10326,PATNA,Overall,Low,0,88.95367830991745,11.04632019996643
10327,PURBACHAMPARAN,General,Low,0,61.363184452056885,38.63680958747864
10327,PURBACHAMPARAN,OBC,Low,1,0.2958192490041256,99.70417618751526
10327,PURBACHAMPARAN,SC,Low,1,0.004595619975589216,99.99539852142334
10327,PURBACHAMPARAN,ST,Low,1,0.44813272543251514,99.5518684387207
10327,PURBACHAMPARAN,Overall,Low,0,80.89867830276489,19.101321697235107
10328,PURNIA,General,High,1,0.06334924837574363,99.93665814399719
10328,PURNIA,OBC,High,0,88.95367830991745,11.04632019996643
10328,PURNIA,SC,High,1,0.020682932517956942,99.97932314872742
10328,PURNIA,ST,High,1,0.21429494954645634,99.78570342063904
10328,PURNIA,Overall,High,1,0.00016912144928937778,99.99983310699463
10329,ROHTAS,General,High,1,0.058058154536411166,99.94194507598877
10329,ROHTAS,OBC,High,1,0.001426615835953271,99.99856948852539
10329,ROHTAS,SC,High,1,0.004210041879559867,99.99579191207886
10329,ROHTAS,ST,High,1,9.164675418560364e-06,99.99998807907104
10329,ROHTAS,Overall,High,1,0.37482527550309896,99.62517619132996
10330,SAHARSA,General,High,1,0.025365457986481488,99.97463822364807
10330,SAHARSA,OBC,High,1,0.014501453551929444,99.98549222946167
10330,SAHARSA,SC,High,1,0.32936418429017067,99.67064261436462
10330,SAHARSA,ST,High,1,1.7516884952783585,98.24831485748291
10330,SAHARSA,Overall,High,1,0.04896824830211699,99.95102882385254
10331,SAMASTIPUR,General,High,1,5.134819680563396e-07,100.0
10331,SAMASTIPUR,OBC,High,0,80.89867830276489,19.101321697235107
10331,SAMASTIPUR,SC,High,1,0.07314605172723532,99.92685914039612
10331,SAMASTIPUR,ST,High,0,79.8694297671318,20.130568742752075
10331,SAMASTIPUR,Overall,High,1,0.00016886503999558045,99.99983310699463
10332,SARAN,General,Low,1,0.005298970791045576,99.99469518661499
10332,SARAN,OBC,Low,0,79.8694297671318,20.130568742752075
10332,SARAN,SC,Low,1,0.0014999665836512577,99.99849796295166
10332,SARAN,ST,Low,1,2.532980936109652e-07,100.0
10332,SARAN,Overall,Low,1,3.6091350352762674e-05,99.99996423721313
10333,SHEIKHPURA,General,Low,1,0.14891282189637423,99.85108971595764
10333,SHEIKHPURA,OBC,Low,1,0.6587665062397718,99.34123158454895
10333,SHEIKHPURA,SC,Low,1,0.023813539883121848,99.97618794441223
10333,SHEIKHPURA,ST,Low,1,0.00012484900935305632,99.99988079071045
10333,SHEIKHPURA,Overall,Low,0,61.363184452056885,38.63680958747864
10334,SHEOHAR,General,High,1,0.003643323725555092,99.99635219573975
10334,SHEOHAR,OBC,High,1,0.007360538438661024,99.99264478683472
10334,SHEOHAR,SC,High,1,0.253778463229537,99.74621534347534
10334,SHEOHAR,ST,High,1,0.0012276495908736251,99.99877214431763
10334,SHEOHAR,Overall,High,1,23.17623198032379,76.82376503944397
10335,SITAMARHI,General,High,1,2.2859816795062216e-05,99.99997615814209
10335,SITAMARHI,OBC,High,1,0.005075766239315271,99.99492168426514
10335,SITAMARHI,SC,High,1,1.0060305707156658,98.99396300315857
10335,SITAMARHI,ST,High,1,0.6516662426292896,99.34833645820618
10335,SITAMARHI,Overall,High,1,0.5490852054208517,99.45091605186462
10336,SIWAN,General,High,1,1.2383438718899242e-07,100.0
10336,SIWAN,OBC,High,1,0.03380693378858268,99.9661922454834
10336,SIWAN,SC,High,1,0.3954993560910225,99.6044933795929
10336,SIWAN,ST,High,1,0.12146912049502134,99.87853169441223
10336,SIWAN,Overall,High,1,0.0018973614714923315,99.99810457229614
10337,SUPAUL,General,High,1,0.03291194443590939,99.96708631515503
10337,SUPAUL,OBC,High,1,0.019474240252748132,99.98052716255188
10337,SUPAUL,SC,High,1,0.0022441152395913377,99.99775886535645
10337,SUPAUL,ST,High,0,65.55070877075195,34.44929122924805
10337,SUPAUL,Overall,High,1,0.12390232877805829,99.87609386444092
10338,VAISHALI,General,High,1,0.0013303318155521993,99.99866485595703
10338,VAISHALI,OBC,High,1,0.00010349597232561791,99.9998927116394
10338,VAISHALI,SC,High,1,0.004136876304983161,99.99586343765259
10338,VAISHALI,ST,High,1,0.022611960594076663,99.9773919582367
10338,VAISHALI,Overall,High,1,1.0674518533051014,98.93254041671753
10401,CHANDIGARH,General,High,1,0.02996977709699422,99.97003078460693
10401,CHANDIGARH,OBC,High,1,0.07469039992429316,99.92530941963196
10401,CHANDIGARH,SC,High,1,3.9745312184095383,96.02546691894531
10401,CHANDIGARH,ST,High,1,2.201257646083832,97.79874086380005
10401,CHANDIGARH,Overall,High,1,0.0009794835023058113,99.99902248382568
10501,BALOD,General,High,1,1.5901466831564903,98.4098494052887
10501,BALOD,OBC,High,0,61.363184452056885,38.63680958747864
10501,BALOD,SC,High,1,0.003553611531970091,99.99644756317139
10501,BALOD,ST,High,1,5.8377969125444906e-08,100.0
10501,BALOD,Overall,High,1,0.051588116912171245,99.94840621948242
10502,BALODABAZAR,General,High,1,0.05852135946042836,99.94148015975952
10502,BALODABAZAR,OBC,High,1,0.864175520837307,99.13582801818848
10502,BALODABAZAR,SC,High,1,0.00018051433698929031,99.99982118606567
10502,BALODABAZAR,ST,High,1,5.583774670958519,94.41622495651245
10502,BALODABAZAR,Overall,High,1,0.05670348764397204,99.94329810142517
10503,BALRAMPUR,General,High,1,0.011700343020493165,99.98829364776611
10503,BALRAMPUR,OBC,High,1,0.003476648635114543,99.99651908874512
10503,BALRAMPUR,SC,High,0,80.89867830276489,19.101321697235107
10503,BALRAMPUR,ST,High,0,61.363184452056885,38.63680958747864
10503,BALRAMPUR,Overall,High,1,0.17358746845275164,99.82641339302063
10504,BASTER,General,High,1,7.477478902728762e-05,99.99992847442627
10504,BASTER,OBC,High,1,0.011835583427455276,99.98816251754761
10504,BASTER,SC,High,1,0.03442490997258574,99.96557235717773
10504,BASTER,ST,High,1,0.49962648190557957,99.50037598609924
10504,BASTER,Overall,High,1,0.0034944885555887595,99.99650716781616
10505,BEMETARA,General,High,1,0.11428953148424625,99.88571405410767
10505,BEMETARA,OBC,High,1,1.3135255017004965e-05,99.99998807907104
10505,BEMETARA,SC,High,1,0.6008349824696779,99.39916729927063
10505,BEMETARA,ST,High,1,48.98399114608765,51.01600885391235
10505,BEMETARA,Overall,High,1,0.2730966778472066,99.72689747810364
10506,BIJAPUR,General,High,1,0.00037980967135808896,99.99961853027344
10506,BIJAPUR,General,Low,0,88.95367830991745,11.04632019996643
10506,BIJAPUR,OBC,High,1,0.004844103750656359,99.99516010284424
10506,BIJAPUR,OBC,Low,1,0.0050763326726155356,99.99492168426514
10506,BIJAPUR,SC,High,1,0.018222494691144675,99.98177886009216
10506,BIJAPUR,SC,Low,1,0.0034361855796305463,99.99656677246094
10506,BIJAPUR,ST,High,1,1.6991600394248962,98.30083847045898
10506,BIJAPUR,ST,Low,1,0.48387576825916767,99.5161235332489
10506,BIJAPUR,Overall,High,1,0.012044596223859116,99.98795986175537
10506,BIJAPUR,Overall,Low,0,88.95367830991745,11.04632019996643
10507,BILASPUR,General,High,1,8.395152235607384e-05,99.99991655349731
10507,BILASPUR,General,High,0,88.95367830991745,11.04632019996643
10507,BILASPUR,OBC,High,1,3.5146054955248474e-06,100.0
10507,BILASPUR,OBC,High,1,0.6529310252517462,99.34706687927246
10507,BILASPUR,SC,High,0,88.16307261586189,11.836928129196167
10507,BILASPUR,SC,High,1,0.0724733923561871,99.9275267124176
10507,BILASPUR,ST,High,0,79.8694297671318,20.130568742752075
10507,BILASPUR,ST,High,1,0.06649483693763614,99.9334990978241
10507,BILASPUR,Overall,High,1,0.010610299068503082,99.98939037322998
10507,BILASPUR,Overall,High,1,0.0010155236850550864,99.99898672103882
10508,DANTEWADA,General,High,1,0.01073810999514535,99.98925924301147
10508,DANTEWADA,OBC,High,1,13.475611805915833,86.5243911743164
10508,DANTEWADA,SC,High,0,81.33489042520523,18.66511106491089
10508,DANTEWADA,ST,High,1,0.09237182093784213,99.9076247215271
10508,DANTEWADA,Overall,High,0,55.768293142318726,44.231706857681274
10509,DHAMTARI,General,High,1,0.00018034020285995211,99.99982118606567
10509,DHAMTARI,OBC,High,1,0.10395150166004896,99.89604949951172
10509,DHAMTARI,SC,High,1,0.05176771664991975,99.9482274055481
10509,DHAMTARI,ST,High,1,36.727410554885864,63.272589445114136
10509,DHAMTARI,Overall,High,1,3.391825407743454,96.60817980766296
10510,DURG,General,Middle,1,9.924372434966244e-07,100.0
10510,DURG,OBC,Middle,1,0.006802257121307775,99.99319314956665
10510,DURG,SC,Middle,1,0.12542122276499867,99.87457990646362
10510,DURG,ST,Middle,1,0.05033835186623037,99.9496579170227
10510,DURG,Overall,Middle,1,0.005438128937385045,99.99456405639648
10511,GARIABAND,General,Middle,1,0.005596513801719993,99.99440908432007
10511,GARIABAND,OBC,Middle,1,1.4589980244636536,98.54099750518799
10511,GARIABAND,SC,Middle,1,0.000524722736372496,99.99947547912598
10511,GARIABAND,ST,Middle,1,0.045839877566322684,99.95416402816772
10511,GARIABAND,Overall,Middle,1,0.21829698234796524,99.78170394897461
10512,GOURELAPENDRAMARVAHI,General,Middle,1,0.08723684004507959,99.91276860237122
10512,GOURELAPENDRAMARVAHI,OBC,Middle,1,0.6846899632364511,99.31530952453613
10512,GOURELAPENDRAMARVAHI,SC,Middle,1,0.0003135116685371031,99.99969005584717
10512,GOURELAPENDRAMARVAHI,ST,Middle,1,0.0037657053326256573,99.9962329864502
10512,GOURELAPENDRAMARVAHI,Overall,Middle,1,0.07474038284271955,99.92526173591614
10513,JANJGIR-CHAMPA,General,Middle,1,3.811519206919911e-05,99.99996423721313
10513,JANJGIR-CHAMPA,OBC,Middle,1,0.030240090563893318,99.96976852416992
10513,JANJGIR-CHAMPA,SC,Middle,0,88.16307261586189,11.836928129196167
10513,JANJGIR-CHAMPA,ST,Middle,0,79.8694297671318,20.130568742752075
10513,JANJGIR-CHAMPA,Overall,Middle,0,88.95367830991745,11.04632019996643
10514,JASHPUR,General,High,1,1.9972829079506482e-05,99.99997615814209
10514,JASHPUR,OBC,High,0,81.33489042520523,18.66511106491089
10514,JASHPUR,SC,High,1,1.3436493237484193e-09,100.0
10514,JASHPUR,ST,High,1,0.034968339605256915,99.96503591537476
10514,JASHPUR,Overall,High,1,0.006750052853021771,99.99325275421143
10515,KANKER,General,High,1,8.883646387403132e-05,99.99991655349731
10515,KANKER,OBC,High,1,1.8858334271953936e-05,99.99997615814209
10515,KANKER,SC,High,1,0.007332025415962562,99.99266862869263
10515,KANKER,ST,High,0,56.32750689983368,43.67249011993408
10515,KANKER,Overall,High,1,11.06894537806511,88.93104791641235
10516,KAWARDHA,General,High,1,0.062139431247487664,99.93785619735718
10516,KAWARDHA,OBC,High,1,0.021874204685445875,99.97813105583191
10516,KAWARDHA,SC,High,1,0.013283583393786103,99.98672008514404
10516,KAWARDHA,ST,High,0,71.53106927871704,28.46893072128296
10516,KAWARDHA,Overall,High,0,80.89867830276489,19.101321697235107
10517,KONDAGAON,General,High,1,0.04637942474801093,99.95362758636475
10517,KONDAGAON,OBC,High,1,0.09899372234940529,99.90100860595703
10517,KONDAGAON,SC,High,1,2.3848460099090696e-10,100.0
10517,KONDAGAON,ST,High,1,42.374396324157715,57.62560963630676
10517,KONDAGAON,Overall,High,1,0.1932874321937561,99.80670809745789
10518,KORBA,General,High,1,0.0004390598860481987,99.99955892562866
10518,KORBA,OBC,High,1,0.0002702622396100196,99.99972581863403
10518,KORBA,SC,High,1,5.226877419772791e-06,100.0
10518,KORBA,ST,High,1,4.9641653276921716e-05,99.99995231628418
10518,KORBA,Overall,High,1,0.18604809883981943,99.8139500617981
10519,KORIYA,General,High,0,72.44174778461456,27.558255195617676
10519,KORIYA,OBC,High,1,0.0005707919171982212,99.99942779541016
10519,KORIYA,SC,High,1,0.03698855289258063,99.96300935745239
10519,KORIYA,ST,High,1,0.03096059081144631,99.96904134750366
10519,KORIYA,Overall,High,1,0.00017936835092768888,99.99982118606567
10520,MAHASAMUND,General,High,1,0.01518490316811949,99.98481273651123
10520,MAHASAMUND,OBC,High,1,0.0008906049515644554,99.99910593032837
10520,MAHASAMUND,SC,High,1,1.514589842432912e-08,100.0
10520,MAHASAMUND,ST,High,1,9.775644540786743,90.22436141967773
10520,MAHASAMUND,Overall,High,1,0.5972761195152998,99.40272569656372
10521,MUNGELI,General,High,1,4.091004370820883e-05,99.99996423721313
10521,MUNGELI,OBC,High,1,0.01944944669958204,99.98055100440979
10521,MUNGELI,SC,High,1,0.0010312057383998763,99.99896287918091
10521,MUNGELI,ST,High,1,0.9946106001734734,99.00538921356201
10521,MUNGELI,Overall,High,1,0.45363944955170155,99.54636693000793
10522,NARAYANPUR,General,High,0,79.8694297671318,20.130568742752075
10522,NARAYANPUR,OBC,High,1,0.020210516231600195,99.97978806495667
10522,NARAYANPUR,SC,High,1,0.001362751117994776,99.99864101409912
10522,NARAYANPUR,ST,High,1,1.3611357659101486,98.6388623714447
10522,NARAYANPUR,Overall,High,0,88.95367830991745,11.04632019996643
10523,RAIGARH,General,High,1,0.0067757653596345335,99.99322891235352
10523,RAIGARH,General,High,0,81.33489042520523,18.66511106491089
10523,RAIGARH,OBC,High,1,0.003873417153954506,99.9961256980896
10523,RAIGARH,OBC,High,1,1.0484866308502205e-06,100.0
10523,RAIGARH,SC,High,1,0.06635632598772645,99.93364214897156
10523,RAIGARH,SC,High,1,0.48387576825916767,99.5161235332489
10523,RAIGARH,ST,High,0,88.1630651652813,11.836934089660645
10523,RAIGARH,ST,High,1,0.001493241416028468,99.99850988388062
10523,RAIGARH,Overall,High,1,0.04545431293081492,99.95453953742981
10523,RAIGARH,Overall,High,1,6.312819067488817e-06,99.99998807907104
10524,RAIPUR,General,High,1,20.32942771911621,79.67056632041931
10524,RAIPUR,OBC,High,1,1.0498477109877058e-05,99.99998807907104
10524,RAIPUR,SC,High,1,0.010193081106990576,99.98980760574341
10524,RAIPUR,ST,High,1,0.010835930879693478,99.98916387557983
10524,RAIPUR,Overall,High,0,55.52765429019928,44.47234869003296
10525,RAJNANDGAON,General,High,0,88.16307261586189,11.836928129196167
10525,RAJNANDGAON,OBC,High,1,9.328655892204551e-06,99.99998807907104
10525,RAJNANDGAON,SC,High,1,0.00018991090655617882,99.99980926513672
10525,RAJNANDGAON,ST,High,1,5.757027210506749e-06,100.0
10525,RAJNANDGAON,Overall,High,1,0.35366120282560587,99.64633584022522
10526,SUKMA,General,High,1,7.201069252005254e-06,99.99998807907104
10526,SUKMA,OBC,High,1,0.0008557323781133164,99.99914169311523
10526,SUKMA,SC,High,1,0.00875265322974883,99.99125003814697
10526,SUKMA,ST,High,0,79.8694297671318,20.130568742752075
10526,SUKMA,Overall,High,1,6.081585213541985,93.91841888427734
10527,SURAJPUR,General,High,0,79.8694297671318,20.130568742752075
10527,SURAJPUR,OBC,High,1,0.003615003515733406,99.99638795852661
10527,SURAJPUR,SC,High,1,8.135929192576441e-05,99.99991655349731
10527,SURAJPUR,ST,High,1,0.0004180847099632956,99.99958276748657
10527,SURAJPUR,Overall,High,1,0.40167742408812046,99.59832429885864
10528,SURGUJA,General,High,1,0.00011103603583251243,99.9998927116394
10528,SURGUJA,OBC,High,1,17.878468334674835,82.12153315544128
10528,SURGUJA,SC,High,1,0.05658691516146064,99.94340538978577
10528,SURGUJA,ST,High,1,0.019896315643563867,99.98010993003845
10528,SURGUJA,Overall,High,0,88.95367830991745,11.04632019996643
10601,DADRAANDNAGARHAVELI(DIST),General,High,1,0.06196874310262501,99.93802309036255
10601,DADRAANDNAGARHAVELI(DIST),OBC,High,1,44.86711323261261,55.13288378715515
10601,DADRAANDNAGARHAVELI(DIST),SC,High,1,0.73739318177104,99.26260113716125
10601,DADRAANDNAGARHAVELI(DIST),ST,High,1,0.0110502282041125,99.98894929885864
10601,DADRAANDNAGARHAVELI(DIST),Overall,High,1,0.005232621697359718,99.99476671218872
10602,DAMAN(DIST),General,High,1,0.0003911514795618132,99.99960660934448
10602,DAMAN(DIST),OBC,High,0,81.33489042520523,18.66511106491089
10602,DAMAN(DIST),SC,High,1,1.3273051008582115,98.67269396781921
10602,DAMAN(DIST),ST,High,1,0.006960721657378599,99.99303817749023
10602,DAMAN(DIST),Overall,High,1,3.456964066117507e-05,99.99996423721313
10603,DIU(DIST),General,High,1,0.0009710792255646084,99.99903440475464
10603,DIU(DIST),OBC,High,1,0.00020522675185929984,99.99979734420776
10603,DIU(DIST),SC,High,1,0.053386634681373835,99.94661211967468
10603,DIU(DIST),ST,High,1,0.3616217989474535,99.6383786201477
10603,DIU(DIST),Overall,High,1,0.033532711677253246,99.96646642684937
10701,Central,General,High,0,81.33489042520523,18.66511106491089
10701,Central,OBC,High,0,84.70386117696762,15.29613733291626
10701,Central,SC,High,1,0.03421237925067544,99.96578693389893
10701,Central,ST,High,1,0.003291806933702901,99.9967098236084
10701,Central,Overall,High,0,52.31671333312988,47.68328666687012
10702,East,General,High,1,5.838847905397415,94.16115283966064
10702,East,OBC,High,1,0.0025940948034985922,99.9974012374878
10702,East,SC,High,0,61.363184452056885,38.63680958747864
10702,East,ST,High,1,0.38858328480273485,99.61141347885132
10702,East,Overall,High,1,9.175813886486139e-07,100.0
10703,NewDelhi,General,High,1,0.03131342527922243,99.96868371963501
10703,NewDelhi,OBC,High,0,80.89867830276489,19.101321697235107
10703,NewDelhi,SC,High,1,0.059298292035236955,99.94070529937744
10703,NewDelhi,ST,High,0,88.95367830991745,11.04632019996643
10703,NewDelhi,Overall,High,1,0.01535741175757721,99.98464584350586
10704,North,General,High,1,0.03355151857249439,99.96645450592041
10704,North,OBC,High,1,0.023438820790033787,99.97655749320984
10704,North,SC,High,1,0.5201368127018213,99.47986602783203
10704,North,ST,High,1,1.754632879522901e-13,100.0
10704,North,Overall,High,1,0.02455654030200094,99.97544884681702
10705,NorthEast,General,High,1,1.0273439876584689e-07,100.0
10705,NorthEast,OBC,High,1,0.0353110721334815,99.96469020843506
10705,NorthEast,SC,High,1,0.003355907028890215,99.99663829803467
10705,NorthEast,ST,High,1,0.025967220426537097,99.97403025627136
10705,NorthEast,Overall,High,1,0.3612031461670995,99.63879585266113
10706,NorthWestA,General,High,1,0.036558200372383,99.96343851089478
10706,NorthWestA,OBC,High,1,3.80768234720108e-06,100.0
10706,NorthWestA,SC,High,1,0.004941453880746849,99.99505281448364
10706,NorthWestA,ST,High,1,0.2693002112209797,99.73069429397583
10706,NorthWestA,Overall,High,1,5.748541833522358e-11,100.0
10707,NorthWestB,General,High,1,0.02938983088824898,99.97060894966125
10707,NorthWestB,OBC,High,1,0.0013680794836545829,99.99862909317017
10707,NorthWestB,SC,High,1,0.0020504874555626884,99.99794960021973
10707,NorthWestB,ST,High,1,0.0022069951228331774,99.99779462814331
10707,NorthWestB,Overall,High,1,0.3278164891526103,99.67218041419983
10708,South,General,High,1,9.130562261816522e-05,99.99990463256836
10708,South,OBC,High,0,91.22512117028236,8.774876594543457
10708,South,SC,High,1,11.210423707962036,88.78957033157349
10708,South,ST,High,1,0.004070552677148953,99.99593496322632
10708,South,Overall,High,0,81.33489042520523,18.66511106491089
10709,SouthEast,General,High,1,12.639467418193817,87.36053109169006
10709,SouthEast,OBC,High,1,0.00019867065930156969,99.99979734420776
10709,SouthEast,SC,High,1,0.7544409483671188,99.24556016921997
10709,SouthEast,ST,High,1,0.0011299698599032126,99.99886751174927
10709,SouthEast,Overall,High,1,0.004767078280565329,99.99523162841797
10710,SouthWestA,General,High,1,0.6150855682790279,99.38492178916931
10710,SouthWestA,OBC,High,1,0.000897582413017517,99.99910593032837
10710,SouthWestA,SC,High,1,0.024279656645376235,99.97572302818298
10710,SouthWestA,ST,High,1,0.0029330218239920214,99.99706745147705
10710,SouthWestA,Overall,High,1,0.4419194534420967,99.55808520317078
10711,SouthWestB,General,High,1,0.009451830555917695,99.99054670333862
10711,SouthWestB,OBC,High,1,0.12199281482025981,99.87800717353821
10711,SouthWestB,SC,High,1,0.8692225441336632,99.130779504776
10711,SouthWestB,ST,High,1,1.3019951991736889,98.69800806045532
10711,SouthWestB,Overall,High,1,0.03442490997258574,99.96557235717773
10712,WestA,General,High,1,4.834558087196683e-07,100.0
10712,WestA,OBC,High,1,2.484740875661373,97.51526117324829
10712,WestA,SC,High,1,1.620246159461658e-06,100.0
10712,WestA,ST,High,1,0.04708807391580194,99.95291233062744
10712,WestA,Overall,High,1,0.8398296311497688,99.16016459465027
10713,WestB,General,High,1,1.57992664090445e-09,100.0
10713,WestB,OBC,High,1,0.22620309609919786,99.77380037307739
10713,WestB,SC,High,0,80.89867383241653,19.101321697235107
10713,WestB,ST,High,1,0.00011675268751787371,99.99988079071045
10713,WestB,Overall,High,1,5.210678279399872,94.78931427001953
10801,NORTHGOA,General,High,1,28.353863954544067,71.64614200592041
10801,NORTHGOA,OBC,High,1,1.4605443254822603e-05,99.99998807907104
10801,NORTHGOA,SC,High,1,0.02737699542194605,99.97262358665466
10801,NORTHGOA,ST,High,1,0.001018763578031212,99.99898672103882
10801,NORTHGOA,Overall,High,0,51.183101534843445,48.816895484924316
10802,SOUTHGOA,General,High,1,0.05359419737942517,99.94640946388245
10802,SOUTHGOA,OBC,High,0,88.95367830991745,11.04632019996643
10802,SOUTHGOA,SC,High,1,0.010048914555227384,99.98995065689087
10802,SOUTHGOA,ST,High,0,88.95367830991745,11.04632019996643
10802,SOUTHGOA,Overall,High,1,0.03466701018624008,99.96533393859863
10901,AHMEDABAD,General,High,1,4.513449312071316e-05,99.99995231628418
10901,AHMEDABAD,OBC,High,1,0.002662297265487723,99.99734163284302
10901,AHMEDABAD,SC,High,1,0.011109043407486752,99.98888969421387
10901,AHMEDABAD,ST,High,1,0.020579223928507417,99.97941851615906
10901,AHMEDABAD,Overall,High,1,0.1692565158009529,99.8307466506958
10902,AMRELI,General,High,1,0.013687768660020083,99.98631477355957
10902,AMRELI,OBC,High,1,0.7263833656907082,99.27362203598022
10902,AMRELI,SC,High,1,0.01622034760657698,99.98377561569214
10902,AMRELI,ST,High,1,0.09476610575802624,99.9052345752716
10902,AMRELI,Overall,High,1,5.865658181392064e-07,100.0
10903,ANAND,General,High,1,0.00025636597911216086,99.99973773956299
10903,ANAND,OBC,High,1,10.847452282905579,89.15254473686218
10903,ANAND,SC,High,1,0.0639946898445487,99.93600249290466
10903,ANAND,ST,High,0,81.33489042520523,18.66511106491089
10903,ANAND,Overall,High,1,0.0003258155857110978,99.99967813491821
10904,ARAVALLI,General,High,1,0.1223395811393857,99.87766146659851
10904,ARAVALLI,OBC,High,1,0.0021387884771684185,99.99786615371704
10904,ARAVALLI,SC,High,1,0.00022650954178971006,99.99977350234985
10904,ARAVALLI,ST,High,1,0.24449939373880625,99.75550770759583
10904,ARAVALLI,Overall,High,0,79.86943274736404,20.130568742752075
10905,BANASKANTHA,General,High,1,0.07178495288826525,99.928218126297
10905,BANASKANTHA,OBC,High,1,0.014998321421444416,99.98500347137451
10905,BANASKANTHA,SC,High,1,2.281218022108078,97.71878123283386
10905,BANASKANTHA,ST,High,1,3.2590083520744884e-06,100.0
10905,BANASKANTHA,Overall,High,1,3.903626293322304e-05,99.99996423721313
10906,BHARUCH,General,High,1,0.09222733206115663,99.90776777267456
10906,BHARUCH,OBC,High,1,0.017560790001880378,99.98244643211365
10906,BHARUCH,SC,High,1,0.015703504323028028,99.9842882156372
10906,BHARUCH,ST,High,1,5.847331881523132,94.15266513824463
10906,BHARUCH,Overall,High,1,1.6065873631454508e-08,100.0
10907,BHAVNAGAR,General,High,1,0.0028514596124296077,99.99715089797974
10907,BHAVNAGAR,OBC,High,1,0.39751422591507435,99.60248470306396
10907,BHAVNAGAR,SC,High,1,0.020922515250276774,99.97908473014832
10907,BHAVNAGAR,ST,High,1,2.9583413153886795,97.04166054725647
10907,BHAVNAGAR,Overall,High,1,11.749345064163208,88.25065493583679
10908,BOTAD,General,High,0,80.89867830276489,19.101321697235107
10908,BOTAD,OBC,High,1,0.02192950196331367,99.97807145118713
10908,BOTAD,SC,High,1,0.0001374490580019483,99.99985694885254
10908,BOTAD,ST,High,1,0.0017996319002122618,99.99819993972778
10908,BOTAD,Overall,High,1,0.0024985904019558802,99.99749660491943
